教羅	注音二式	注音	CJK	造字區
a0	a9		仔啊
a	a		丫亞押阿俹啊啞椏鴉
a2	a2		也仔抑或阿啊孲猶
a3	a3		也亦亞拗俹啊啞婭掗氬錏饐	
a5	a5		啊
a7	a7		亦啊諾
ah	ah		也亦百抑或押益啊猶鴨壓
ah8	ah8		亦匣抑或盍豈啊盒猶
ai	ai		哀哎唉埃挨唲欸餲	
ai2	ai2		欸矮餲藹靄靉	
ai3	ai3		呃愛隘僾噯嬡縊曖璦餲瞹藹
ai5	ai5		唉噯
ai7	ai7		唉
aih	aih		唉
aih8	aih8		唉噫
ainn	ainn		唉唲揹	
ainn2	ainn2		抁
ainn3	ainn3		呝
ainn5	ainn5		閒
ainn7	ainn7		負
ainnh8	ainnh8		唷噯
ak	ak		沃偓喔幄握渥嗌鋈鷽齷
ak8	ak8		篗籰
am	am		鵪
am2	am2		泔淊揞晻飲闇黯	
am3	am3		暗闇黯
am5	am5		唅唵涵	
am7	am7		蓊頷艷豔
an	an		安侒咹按氨焉銨鞍鵪
an2	an2		阿按俺
an3	an3		安按晏案桉鷃
an5	an5		恆絙閒緊緪	
an7	an7		咹限俺	
ang	ang		尢尪尫汪翁骯	
ang2	ang2		傟	
ang3	ang3		瓮盎塕甕罋癰齆	
ang5	ang5		洪紅
ang7	ang7		聬竉	
ann	ann		呱按洼喑	
ann2	ann2		仔俹倚掩揞攬
ann3	ann3		向俹啊揞	
ann5	ann5		啊攔
ann7	ann7		茂餡豏
ap	ap		押哈姶唈搕閘厭鴨壓
ap8	ap8		十匣呷狎柙盍盒嗑壓
at	at		圠折軋按曷胺揠遏斡頞輵閼
au	au		凹坳漚歐毆甌瞘謳爊鷗	
au2	au2		拗袎詏媼嘔靿敺歐毆
au3	au3		拗漚懊	
au5	au5		敖喉號嗷熬嚎
au7	au7		後傲諾
aunn2	aunn2		啞
ba	bba		疤腜嘛膜
ba5	bba5		麻媌猫微痲蝥貓
ba7	bba7		抓峇密覓覔痲碼黴	
bah	bbah		毛肉脈脢腜	
bah8	bbah8		某莫覓
bai	bbai		尾屄毴微	
bai2	bbai2		敗惡僫塺	
bai5	bbai5		眉埋楣霾	
bai7	bbai7		覓賣
bak	bbak		汙污沐染毣
bak8	bbak8		木目茉漠墨藐
bam2	bbam2		
bam5	bbam5		
ban	bban		屘
ban2	bban2		折挽睌滿
ban5	bban5		曼頑墁慢漫閩瞞饅鬘鰻蠻
ban7	bban7		瓣蠆鏝顢
bang	bbang		網濛
bang2	bbang2		蚊萬網艋蟒魍蠓
bang3	bbang3		甮
bang5	bbang5		亡忙尨芒氓厖虻哤茫牻鋩儚龐
bang7	bbang7		忘茉望夢網
bat	bbat		八白別捌曾識
bat8	bbat8		木密墨	
bau	bbau		包
bau2	bbau2		卯泖昴茆鉚
bau5	bbau5		矛鍪	
bau7	bbau7		泡貿
bauh8	bbauh8		貿穙藐
be	bbe		吀芈羋咩咪哶	
be2	bbe2		尾馬買瑪碼
be5	bbe5		迷糜醚
be7	bbe7		未妹袂賣謎	
beh	bbeh		卜要欲	
beh8	bbeh8		脈麥襪
bi	bbi		迷微矀
bi2	bbi2		禰靡瀰亹
bi5	bbi5		縻薇麋瀰獼劘蘼黴醾醿
bi7	bbi7		未味沬便媚寐湎魅謎嚜
bia2	bbia2		乜
bia5	bbia5		乜	
bian2	bbian2		澠靦鮸
bian5	bbian5		宀眠棉綿緡蝒聯矏
bian7	bbian7		面緬麪麵
biat	bbiat		苜
biat8	bbiat8		搣滅蔑篾蠛衊襪
biau2	bbiau2		仯杪杳眇秒窅淼渺畲緲藐邈	
biau5	bbiau5		苗媌描猫瞄貓錨
biau7	bbiau7		妙玅廟繆
bih	bbih		宓匿覕避
bih8	bbih8		篾
bik	bbiek		謐羃
bik8	bbiek8		嘿墨冪默嚜貘纆驀
bin	bbin		暝
bin2	bbin2		刡抆抿泯敏笢湣閔愍黽僶憫澠	
bin5	bbin5		民岷忞旻旼明氓玟眠暝閩緡	
bin7	bbin7		面蝒饅
bing2	bbing2		皿网孟茗猛酩艋蜢錳
bing3	bbing3		命甮
bing5	bbing5		瞑蝱甍螟
bing7	bbing7		命孟蜢
bio2	bbior2		母秒畝
bio3	bbior3		廟
bio5	bbior5		描摹謀
bio7	bbior7		貿廟
bit	bbit		苾
bit8	bbit8		沕宓苾密蜜謐	
biu2	bbiu2		母婦
biu5	bbiu5		繆
biu7	bbiu7		繆謬
bo2	bbor2		母拇胟嬤	
bo3	bbor3		莫
bo5	bbor5		无毛茅無
bo7	bbor7		帽楙毷瞀磨
boh	bborh		莫
boh8	bborh8		莫
bok	bbook		沐浡幕
bok8	bbook8		膜霂瘼穆繆蟆鏌鶩
bong	bbong		塻摸
bong2	bbong2		网孟罔惘莽鉧漭網輞蟒魍懵蠓
bong3	bbong3		妄孟甮摃	
bong5	bbong5		幪濛曚朦檬矇礞艨蠓饛鸏
bong7	bbong7		妄忘望墓夢朢
boo	bboo		摸
boo2	bboo2		厶母呆牡姆拇姥某栂畆畝婆嬤	
boo5	bboo5		糢蟆蟊鍪麰謨
boo7	bboo7		戊冒茂莫袤貿募墓幕幙慕暮懋	
bu	bbu		堆
bu2	bbu2		鵡
bu3	bbu3		霧
bu5	bbu5		亡无毋巫無誣憮蕪
bu7	bbu7		務婺遇雺瞀誣噴蓩矇霧騖鶩	
bua2	bbua2		梚
bua5	bbua5		勞磨
buah	bbuah		抹瀎
buah8	bbuah8		末沫茉鮇薘
buan	bbuan		鞔
buan2	bbuan2		娩挽晚滿輓
buan5	bbuan5		瞞鞔懣謾蹣鏝顢
buat	bbuat		抹秣
buat8	bbuat8		末妺沫苜茉秣靺襪	
bue	bbue		迷
bue2	bbue2		尾每浼買
bue3	bbue3		韎
bue5	bbue5		囮枚某梅莓媒媚煤霉糜黴	
bue7	bbue7		未妹昧賣	
bueh	bbueh		要
bueh8	bbueh8		襪
buh8	bbuh8		堆
bui	bbui		眯微溦
bui7	bbui7		
bun2	bbun2		刎吻抆蚊捫脗懣
bun3	bbun3		免娩問莽湓噴濆奮鼢瀵
bun5	bbun5		閿饅亹
bun7	bbun7		文抆汶們紊問捫悶絻聞蝒燜懣璺饙
but	bbut		末粅魩	
but8	bbut8		勿末沒歾歿物魩	
de2	dde2		个
de5	dde5		丌的個箇
e0	e9		下丌个的個箇
e	e		苛倭挨烓唩萎萵窩蒿歐鍋	
e2	e2		唉啞欸喂嗄瘂矮
e3	e3		瘞曀殪瞖縊繄翳穢饐鷖
e5	e5		丌个亓兮其的個唩暝箇鞋	
e7	e7		下吓能廈會裔解禍譮	
eh	eh		厄呃阨呝軛噎噦噫	
eh8	eh8		戹呃阨唉唷狹喅隘噦	
enn	enn		英蜓縈嬰嚶蠳	
enn3	enn3		唉
enn5	enn5		盈楹
enn7	enn7		唉
ennh	ennh		唉
ennh8	ennh8		呃呝	
ga	gga		
ga2	gga2		雅
ga5	gga5		牙伢呀枒芽蚜崖涯衙	
ga7	gga7		迓砑訝	
gai2	ggai2		騃
gai5	ggai5		礙
gai7	ggai7		乂艾碍閡礙
gak8	ggak8		岳獄樂嶽鸑
gam	ggam		嵒嵓儑	
gam2	ggam2		坎
gam5	ggam5		岩啽嵒嵓碞癌巖巗
gam7	ggam7		儑釅戇	
gan2	ggan2		研俺眼
gan3	ggan3		熞錌嚴	
gan5	ggan5		言寒凝顏嚴	
gan7	ggan7		厂厈犴岸彥唁豻這雁鴈凝諺贗
gang5	ggang5		仰昂
gang7	ggang7		湡儑戇
gap	ggap		呷哈
gat8	ggat8		歹屵	
gau5	ggau5		豪嶤賢	
gau7	ggau7		樂
ge2	gge2		盻倪睨詣鬩齯
ge3	gge3		處塊詣齧
ge5	gge5		霓鯢麑
ge7	gge7		乂迓砑羿御訝詣毅蓺劓藝囈讛	
geh8	ggeh8		月訝
gi	ggi		
gi2	ggi2		枇俁圄圉敔語禦擬檥麌艤蟻齮
gi3	ggi3		劓禦
gi5	ggi5		宜娛魚嵎琵隅愚腢虞漁疑儀誼嶷騎	
gi7	ggi7		二御寓庽馭義遇語毅誼劓藝議懼	
gia	ggia		迎
gia5	ggia5		夯仰呀抬拁迎枷椰蜈擎騎鵝轙	
giah	ggiah		揭撠躆	
giah8	ggiah8		丮羍愕揭敧舉額攑	
giak	ggiak		撠
giak8	ggiak8		虐瘧
giam2	ggiam2		扲嫌噞儼
giam3	ggiam3		驗	
giam5	ggiam5		岩碞閻嚴巖釅
giam7	ggiam7		扲捻驗釅
gian	ggian		妍研趼
gian2	ggian2		妍姸研娟硏揅詽甗巘齴
gian3	ggian3		玩婩憖癮	
gian5	ggian5		妍岍汧言研睨凝巘
gian7	ggian7		言研唁硯	
giang	ggiang		妍鈃蹡鏘	
giang2	ggiang2		仰嚷
giang3	ggiang3		齴
giang5	ggiang5		
giang7	ggiang7		仰
giap	ggiap		夾鋏
giap8	ggiap8		夾挾業鋏鄴	
giat	ggiat		臬喫隉撠蝎臲嚙蠍齧糱囓	
giat8	ggiat8		臬喫鎳孽櫱讞
giau2	ggiau2		撠攪
giau3	ggiau3		
giau5	ggiau5		垚陶堯僥嶢蕘蟯饒
giau7	ggiau7		
giauh	ggiauh		撠
giauh8	ggiauh8		
gih	ggih		砌築臞癯
gih8	ggih8		臞癯
gik	ggiek		啋
gik8	ggiek8		玉屰虐逆獄瘧頟艗褥額	
gim2	ggim2		扲唫趛錦
gim3	ggim3		趛
gim5	ggim5		吟岑扲砛涔唫崟碒
gim7	ggim7		扲捦	
gin	ggin		鑑
gin2	ggin2		囝囡听磭	
gin3	ggin3		憖
gin5	ggin5		听垠峾狺珢眼訢鄞銀誾凝嚚齗	
gin7	ggin7		哏恨猌靳憖
ging	gging		芎
ging2	gging2		矨研眼揅
ging5	gging5		牙迎凝龍懝
ging7	gging7		迎勁硬骾鯁
gio2	ggior2		扭偶睨謔藕	
gio5	ggior5		偶橈蕘蟯
gio7	ggior7		尿嘵蕎謔藠	
gioh8	ggiorh8		虐謔	
giok8	ggiook8		玉虐鈺獄瘧
giong2	ggiong2		卬仰拱
giong5	ggiong5		邛笻喁蓉顒
gip8	ggip8		入岌	
git	ggit		仡吃屹汔迄矻紇虼訖趷暨
giu	ggiu		朹
giu2	ggiu2		扭
giu5	ggiu5		牛	
giuh	ggiuh		匊
gni2	gni2		耳爾
go2	ggor2		厄我枙	
go5	ggor5		熬獒遨翱翺謷鵝囂驁鰲鼇鼉
go7	ggor7		卧臥奡傲慠餓謷鏊驁
gok8	ggook8		咢愕鄂腭萼噩諤鍔顎鵠鰐鶚齶鱷
gong5	ggong5		卬昂	
gong7	ggong7		愚憃戇	
goo5	ggoo5		吳吾娛浯梧愚蜈遨鋘鋙鼯齵
goo7	ggoo7		五午仵伍忤迕悞悟捂晤寤誤
gu2	ggu2		圄圉敔語禦麌齬籞
gu5	ggu5		牛禺娛魚喁嵎隅愚虞漁齵	
gu7	ggu7		御寓馭遇語禦譽	
gua2	ggua2		我
gua3	ggua3		外嚄	
gua5	ggua5		(擬音)
gua7	ggua7		外若偌訝嚄
guah	gguah		(擬音)
guai2	gguai2		我
guai5	gguai5		詭
guai7	gguai7		外
guan	gguan		黿
guan2	gguan2		忨沅阮杬玩偔翫	
guan3	gguan3		願
guan5	gguan5		元玄刓沅杬芫原員袁圓嫄源頑螈黿	
guan7	gguan7		玩愿願
guat	gguat		齀
guat8	gguat8		日曰月刖肉玥軏
gue	ggue		刮
gue5	ggue5		倪
gue7	ggue7		外藝	
gueh	ggueh		挾莢
gueh8	ggueh8		月夾
gui2	ggui2		姽隗頠
gui5	ggui5		危桅嵬隗鮠巍
gui7	ggui7		偽磑魏	
gun2	ggun2		阮	
gun3	ggun3		諢
gun5	ggun5		哏垠狠狺眼睨鄞銀誾憖嚚齗齦
gun7	ggun7		恨猌謴
gut	ggut		兀仡吃屹忔扢杚迄矻訖趷喫暨齀
gut8	ggut8		兀仡屼扤杌卼
ha	ha		呵哈欱喝颬噓	
ha2	ha2		
ha3	ha3		下吓襾孝嘑嚇罅
ha5	ha5		爻牙椵瑕遐颬瘕蝦縖蕸鍜霞
ha7	ha7		下吓夏廈暇嘩嚇譁
hah	hah		哈炠欱喝嗌暍熁熇噓縖嚇	
hah8	hah8		合佮欱脅笚筪箬縖籜
hai	hai		咍咦咳奒夏頇嗨賅	
hai2	hai2		唉海澥駭醢
hai3	hai3		嗐愾	
hai5	hai5		咳孩械誒鞋頦諧骸鮭鞵
hai7	hai7		壞瀣蟹齘
haih	haih		嗐
hainn	hainn		哼
hainn2	hainn2		唉
hainn3	hainn3		擜	
hainn5	hainn5		倄還
hainn7	hainn7		哼貺
hak	hak		畜斛豿嗀熇觳	
hak8	hak8		斛嗀槲學嶨澩燢觳礐	
ham	ham		含和邯蚶菡酣頇憨	
ham2	ham2		函泔喊噉嬜撼頷顄闞鬫	
ham3	ham3		泛顑譀鬫戇	
ham5	ham5		鹹	
ham7	ham7		陷嵌頇饀噤憾撼頷餡檻	
han	han		番頇蕃
han2	han2		厂扞旰罕悍捍喊僩撊暵蔊瞷鼾	
han3	han3		厂汗漢暵熯
han5	han5		韓鼾懸鷳鷴
han7	han7		翰瞷瀚
hang	hang		烘魴豐
hang2	hang2		夯哄傋
hang3	hang3		肛胮項興臖	
hang5	hang5		行杭迒缸降桁航絎篊
hang7	hang7		行巷缿衖項鬨
hann2	hann2		哄喊詡嚇
hann3	hann3		顑	
hann5	hann5		含煔懸
hann7	hann7		限跨撖
hannh	hannh		炠熁熇
hannh8	hannh8		含
hap	hap		呷哈垥欱翕詥	
hap8	hap8		合哈郃閤闔
hat	hat		鎋鞨黠
hat8	hat8		乏吷核憖憗觳轄	
hau	hau		侾咻哮烋虓荷痚詨嘐膮嚆薅囂	
hau2	hau2		吼呴哮虓嗃號
hau3	hau3		孝蔻簆
hau5	hau5		好侯候訤詨誵	
hau7	hau7		爻瓦効厚姣後恔俲候效校傚鱟
hauh	hauh		剝藃
hauh8	hauh8		殽
haunn3	haunn3		好
haunn5	haunn5		倄候懸
haunnh	haunnh		咬嗀齩
haunnh8	haunnh8		殽澩
he	he		灰彼花咳恢疨盻飛痚颬睳薈巂蘤醯	
he2	he2		匸火伙彼眭許賄夥
he3	he3		貨歲罅
he5	he5		鼷觿
he7	he7		下系係盻夏廈暇會禊繫蟹
heh	heh		吓哧嚇
heh8	heh8		嘿
henn	henn		罅
henn3	henn3		啈
henn7	henn7		唯
hennh	hennh		哧歇嚇	
hi	hi		睎稀虛僖熙豨嘻噓墟嬉歔歖熹羲犠
hi2	hi2		彼唏栩訏許喜煦詡嘻蝺蟢
hi3	hi3		呴肺咥酗愾戯戲餼嚱屭	
hi5	hi5		魚漁
hi7	hi7		耳唏
hia	hia		呀呵彼或軒桸瓠靴憍	
hia2	hia2		
hia3	hia3		
hia5	hia5		遐
hia7	hia7		瓦蟻
hiah	hiah		彼喝歇赫	
hiah8	hiah8		額
hiak	hiak		謔
hiak8	hiak8		仢或
hiam	hiam		忺辛杴欣薟蘞
hiam2	hiam2		嶮獫險玁
hiam3	hiam3		喊搚譀	
hiam5	hiam5		咸嫌慊謙
hiam7	hiam7		姭
hian	hian		仚祅祆軒掀禤
hian2	hian2		哯峴眴蜆撼顯	
hian3	hian3		讞
hian5	hian5		懸
hian7	hian7		見炫研晛現眴莧衒硯鉉縣
hiang	hiang		享香鄉薌馨	
hiang2	hiang2		享曉響饗
hiang3	hiang3		向享餉曏嚮
hiang5	hiang5		陽
hiang7	hiang7		
hiann	hiann		兄馨	
hiann2	hiann2		哧晃顯
hiann3	hiann3		向曏
hiann5	hiann5		烆惶焚然橫顏
hiann7	hiann7		艾
hiannh	hiannh		挾翕擜嚇	
hiannh8	hiannh8		嚇
hiap	hiap		偞翕熁磁頰燲
hiap8	hiap8		愶搚葉熁勰
hiat	hiat		血抭泬頁棄絜歇頡	
hiat8	hiat8		穴泬絜
hiau	hiau		驍
hiau2	hiau2		曉
hiau3	hiau3		卸娎翹	
hiau5	hiau5		啋媱嫐嬈	
hiau7	hiau7		癢
hiauh	hiauh		剝娎謔	
hiaunn7	hiaunn7		(擬音)
hih	hih		咥唲
hik	hiek		肸洫砉哧郝黑赫嚇虩鬩齕
hik8	hiek8		閾嚄檄獲馘礉齕穫繳覈騞
him	him		忻昕欣炘俽訢焮歆廞鑫
him3	him3		焮蔭	
him5	him5		熊
him7	him7		愖噤	
hin	hin		興馨
hin2	hin2		恨	
hin3	hin3		眩興釁
hin5	hin5		眩雄癇癎
hin7	hin7		恨
hing	hing		兄亨身哼胷胸啍脝興馨
hing2	hing2		迥婞悻詗緈敻擤
hing3	hing3		啈悻興嬹臖
hing5	hing5		雄鉶緪橫衡還蘅
hing7	hing7		行杏幸倖眩荇婞莕莧衒絎貺	
hinn	hinn		哼誒薟譆嚱	
hinn2	hinn2		嚊
hinn3	hinn3		擜嚊嚱懸	
hinn5	hinn5		弦絃懸
hinn7	hinn7		耳硯鉉嚊
hinnh	hinnh		欷
hinnh8	hinnh8		欷
hio	hior		靴僥邀
hio2	hior2		否
hio3	hior3		呺
hio5	hior5		侯浮
hio7	hior7		后雨厚後候
hioh	hiorh		哧息歇
hioh8	hiorh8		葉箬鴞
hiok	hiook		馥
hiong	hiong		凶兇匈恟洶香胸鄉雄窮薌馨
hiong2	hiong2		亨享响餉賞曏嚮響饗
hiong3	hiong3		向晌餉曏嚮	
hiong5	hiong5		雄熊融
hionn	hioonn		香鄉
hionn2	hioonn2		响響
hionn3	hioonn3		向
hionn7	hioonn7		
hip	hip		吸翕潝歙	
hit	hit		肐彼肸瞲	
hit8	hit8		或肸	
hiu	hiu		休呴咻幽庥烋貅髹鵂
hiu2	hiu2		朽缶呺	
hiu3	hiu3		仆戽拂臭復嗅溴糗灑齅	
hiu5	hiu5		裘
hiu7	hiu7		復
hiunn	hiunn		香鄉
hiunn2	hiunn2		許響	
hiunn3	hiunn3		向
hiunn7	hiunn7		
hiunnh8	hiunnh8		咻
hm	hm		噤
hm2	hm2		撼
hm5	hm5		茅疹媒
hm7	hm7		喑噤頷	
hmh	hmh		撼歙	
hmh8	hmh8		噤默
hng	hng		方坊昏哼荒默	
hng2	hng2		呟
hng3	hng3		向哼
hng5	hng5		何防黃園
hng7	hng7		遠	
hngh8	hngh8		哼
ho	hor		呵荷訶號熇蒿薅饕	
ho2	hor2		火伙好皓夥皜
ho3	hor3		耗荷貨	
ho5	hor5		壕濠蠔龢
ho7	hor7		皡鎬顥灝
hoh	horh		熇嚛燿	
hoh8	horh8		鶴
hok	hook		濩覆馥攉藿癨籗
hok8	hook8		鵠鵩鰒護鶴
hom	hoom		忻欣炘
hom2	hoom2		猇
hom7	hoom7		歆
hong	hong		烘舫荒烽脝揈鈁慌楓葑蜂瘋鋒謊豐
hong2	hong2		紡舫唪捧訪暀貺嗊幌榥髣澒諷謊
hong3	hong3		况奉放況貺嗊	
hong5	hong5	
hong7	hong7		汞奉哄俸桁烘捧覂黃鳯鳳諷鬨縫	
honn	hoonn		乎呼訶嘑蒿薅	
honn2	hoonn2		火好夥滸
honn3	hoonn3		好耗貨	
honn5	hoonn5		喤
honnh	hoonnh		
hoo	hoo		虍呴呼虖滹幠憮歑戲謼
hoo2	hoo2		不火好缶否吼岵虎冔唬許琥詑跙滸	
hoo3	hoo3		互乎戽放厚洿	
hoo5	hoo5		瓠喉壺湖猢猴瑚葫瘊豪篌糊蝴衚壕
hoo7	hoo7		後郈候祜蚇逅扈堠楛詬滬與鄠蝴嚄
hooh	hooh		嚄
hop	hoop		哈	
hu	hu		許趺痡稃罦虛跗鈇孵輔鄜噓墟憮敷
hu2	hu2		莆許喣秿腑煦蜅覜詡翥腐輔撫頫簠
hu3	hu3		覆
hu5	hu5		夫扶芙芣枹柎苻浮蚨涪符紨魚蜉鳧
hu7	hu7		輔蝜駙鮒賻
hua	hua		化灰花華嘩樺譁鏵	
hua2	hua2		倮觟踝
hua3	hua3		匕化華嘩
hua5	hua5		划和花華樺譁鏵驊
hua7	hua7		瓦崋畫話嘩譁
huah	huah		何曷砉釫喝劐豁攉	
huah8	huah8		伐跨跬	
huai	huai		花竵
huai3	huai3		
huai5	huai5		淮槐頦懷蘹
huai7	huai7		壞
huainn2	huainn2		
huainn5	huainn5		桁莖橫	
huainnh	huainnh		齕蹳	
huainnh8	huainnh8		頦
huak	huak		伏	
huan	huan		繙翻藩鐇懽獾歡讙驩
huan2	huan2		反坂阪返晅飯緩
huan3	huan3		幻氾汎泛奐販喚換渙飯楥楦煥瘓
huan5	huan5		圜嬛寰澴燓燔璠膰蕃環磻繁還鍰蟠
huan7	huan7		還鯇闤
huang	huang		風
huang2	huang2		晃鈁
huang3	huang3		放泛
huang7	huang7		烘
huann	huann		鞍懽歡
huann2	huann2		幻罕泛晃撋
huann3	huann3		旦泛
huann5	huann5		桁莖橫鼾	
huann7	huann7		扞旱岸按捍畔焊釬援銲鑠	
huat	huat		法珐砝琺發髮醱
huat8	huat8		乏伐活栰茷筏滑猾罰閥
hue	hue		灰花恢虺皓潰蘤隳闠
hue2	hue2		火伙悔痐賄夥燬	
hue3	hue3		化沬悔晦貨歲誨廢潰癈靧
hue5	hue5		燴繢鏵
hue7	hue7		匯會憒潰瞶薈繢聵繪蟹
hueh	hueh		血
hui	hui		煇琿禈緋蜚翬輝麾霏徽騑
hui2	hui2		蜰誹篚燬
hui3	hui3		卉怫沸狒肺芾疿費賁痱翡廢諱繢翽
hui5	hui5		危肥淝瓷陶腓痱磁蜰	
hui7	hui7		譓
huih	huih		血
huinn	huinn		昏荒	
huinn5	huinn5		黃園橫磺
huinn7	huinn7		圂遠	
huinnh	huinnh		(擬音)
huinnh8	huinnh8		(擬音)
hun	hun		棼殙雰塤煙痻葷熏緍勳閽壎獯鼢曛
hun2	hun2		吩坋坌扮佷忿很恨狠粉混惲僨墳憤
hun3	hun3		恨訓楥楦馴奮糞瀵璺釁	
hun5	hun5		篔蕓蕡餛
hun7	hun7		分份恨圂混渾暈溷諢
hut	hut		祓笏唿惚紱紼艴袚欻渾飃韍颰歘黻	
hut8	hut8		佛咈坲芾紇核覈
i0	i9		伊
i	i		繄醫黟鷖
i2	i2		扆椅旖綺與
i3	i3		薏饐懿
i5	i5		詒貽誃飴維與餘遺頤濰簃輿彝歟謻
i7	i7		譽
ia	ia		吔耶埃
ia2	ia2		也仔冶尚埜野猶嗌
ia3	ia3		也伿夜射厭斁饜	
ia5	ia5		役邪耶琊揶釾椰爺
ia7	ia7		也亦夜敥	
iah	iah		亦抑或挖益掖
iah8	iah8		驛
iak	iak		約
iak8	iak8		龠藥躍鑰
iam	iam		奄剦崦淹陰腌厭醃鍁閹懨鵪饜
iam2	iam2		黶
iam3	iam3		俺掞淹厭饜	
iam5	iam5		炎楹熖閻檐簷鹽
iam7	iam7		炎敥焰焱燄艷鹽灧豔灩
ian	ian		蔫燕閼闉鵪臙
ian2	ian2		兗衍偃堰琰郾演蝘
ian3	ian3		咽宴焉傿厭緣燕嚥嬿鷃讌醼	
ian5	ian5		檐櫞簷
ian7	ian7		衍院掾羨緣
iang	iang		央泱殃秧揚鞅鴦
iang2	iang2		鞅養
iang3	iang3		怏泱映盎鞅
iang5	iang5		羊佯洋烊痒揚陽暘楊煬瘍颺癢
iang7	iang7		負恙揚漾鞅様樣養嬴攍癢
iann	iann		泱英濙纓
iann2	iann2		影	
iann3	iann3		映
iann5	iann5		捷蓉營贏
iann7	iann7		映揚焱敭漾薨颺
iannh	iannh		掖
iannh8	iannh8		愕	
iap	iap		匎掩揜僷熠擛曄燁擫饁靨魘
iap8	iap8		頁煠葉蝶燁	
iat	iat		咽噎閱謁蠍饐黦蠮
iat8	iat8		曳佾拽悅揲逸搧閱	
iau	iau		么幺夭吆妖枵祅要飢喓腰葽邀	
iau2	iau2		夭仸杳殀穾窅窈舀偠猶靿鷕	
iau3	iau3		穾要袎
iau5	iau5		遙嶢窯窰繇謠颻鰩
iau7	iau7		要曜燿耀鷂	
iaunn	iaunn		猫	
iaunnh	iaunnh		(擬音)
iaunnh8	iaunnh8		(擬音)
ih	ih		噎
ih8	ih8		胰
ik	iek		溢隘億憶艗臆鎰阸鐿
ik8	iek8		域埸掖液翊翌畫腋軼逸痬劃蜴慾嶧
im	im		音淹陰喑愔漲瘖窨蔭
im2	im2		飲
im3	im3		飲廕窨蔭	
im5	im5		冘婬淫蟫霪	
im7	im7		
in	in		禋銦駰闉
in2	in2		允尹引殷紖蚓靷螾隱
in3	in3		印應
in5	in5		云勻沄芸盈紜耘寅雲夤澐橒蠅	
in7	in7		孕胤媵運賸韻
ing	ing		蘡轟鶯癭癰纓鷹鸚
ing2	ing2		永往泳涌郢景湧詠影潁穎
ing3	ing3		用映壅應蕹甕
ing5	ing5		瀅鎣瀛瀠蠑贏籯
ing7	ing7		用咏泳詠傭媵漾瀅鎣
inn	inn		英蜓嬰嚶蠳	
inn2	inn2		芛肄穎
inn3	inn3		燕嚶
inn5	inn5		丸文厘員圓楹縈
inn7	inn7		寺异易咿施衍院異肄勩
innh8	innh8		咿
io	ior		么育唷烏腰邀
io2	ior2		扷舀敺毆
io5	ior5		姚徭搖窯窰
io7	ior7		藥鷂
ioh	iorh		勺約虳挹喲溢億憶臆藥鬻
ioh8	iorh8		藥鑰
iok	iook		約郁峪益
iok8	iook8		鵒藥瀹爚趯躍禴鬻籥鑰籲
iong	iong		癰
iong2	iong2		養壅擁踴癢
iong3	iong3		怏拥泱映瓮鞅壅擁甕罋	
iong5	iong5		暘楊溶煬頌墉慵榕熔瘍蓉鄘融鍚鎔
iong7	iong7		用佣恙傭煬漾樣養癢
ionn	ioonn		螉鴦
ionn2	ioonn2		挹舀養礢	
ionn5	ioonn5		羊洋烊陽楊溶煬熔瘍融鎔
ionn7	ioonn7		樣
ip	ip		邑唈悒挹浥揖翕圔熠	
it	it		饐
it8	it8		聿佚佾泆軼逸溢翼	
iu	iu		幼攸呦幽悠釉麀憂優黝鄾耰
iu2	iu2		友吆有佑卣酉羑莠誘銪槱牖黝	
iu3	iu3		幼
iu5	iu5		遊遒鈾槱蝣蝤餘魷蕕輶繇鯈
iu7	iu7		鼬
iunn	iunn		幼秧養鴦
iunn2	iunn2		舀養礢蘖
iunn5	iunn5		羊洋容烊陽楊溶煬熔瘍融鎔
iunn7	iunn7		樣
ja	zza		樝
je5	zze5		扔挼捼摧撋
ji2	jji2		爾瘉鉺窳儞醑駬壐邇禰
ji5	jji5		瘉窬儒覦嚅孺濡襦
ji7	jji7		二儿弍字佴洱珥喬喻貳裕餌膩諭	
jia	jjia		遮
jia2	jjia2		喏惹	
jia7	jjia7		偌喏	
jiah	jjiah		迹跡蹟
jiak8	jjiak8		若弱溺蒻箬
jiam2	jjiam2		冄冉染柟苒蚺髯
jiam3	jjiam3		
jiam7	jjiam7		
jian2	jjian2		橪蹨
jian5	jjian5		然燃蹨
jiang2	jjiang2		冗宂嚷壤攘讓
jiang5	jjiang5		攘瀼瓤禳穰釀
jiang7	jjiang7		讓
jiap8	jjiap8		卄廿顳
jiat	jjiat		蟫
jiat8	jjiat8		熱爇
jiau2	jjiau2		爪抓搔遶擾繞
jiau3	jjiau3		爪抓搔撓皺縐
jiau5	jjiau5		嬈澆皺橈縐蕘遶繞蟯襓饒鱙	
jiau7	jjiau7		尿溺趡
jiaunn2	jjiaunn2		爪鳥
jiaunn3	jjiaunn3		抓
jih8	jjih8		廾廿艹扼籋	
jik	jjiek		搮跡趘
jik8	jjiek8		搦	
jim2	jjim2		忍恁荏衽荵飪稔	
jim5	jjim5		壬任妊紝尋
jim7	jjim7		刃仞任妊牣紉紝訒軔韌賃認靭	
jin2	jjin2		忍恁
jin5	jjin5		人仁紉齦
jin7	jjin7		認
jing5	jjing5		仍扔艿礽茸
jio5	jjior5		橈
jio7	jjior7		尿
jioh8	jjiorh8		弱	
jiok	jjiook		逐趇搮趘
jiok8	jjiook8		褥蹃
jiong2	jjiong2		冗宂茸嚷壤攘穰讓釀
jiong3	jjiong3		釀
jiong5	jjiong5		瓤禳穰纕
jiong7	jjiong7		讓釀	
jip	jjip		趇
jip8	jjip8		入亼
jit8	jjit8		日衵馹
jiu2	jjiu2		禸柔揉楺煣糅蹂輮鞣
jiu3	jjiu3		蹂
jiu5	jjiu5		柔揉渘蝚蹂鞣鰇	
joo5	zzoo5		皺
ju	zzu		羭諛
ju2	zzu2		女尒汝乳籹庾寙愈爾窳癒醹
ju5	zzu5		歈瑜瘐逾窬蝓褕諛儒覦踰嚅孺濡薷
ju7	zzu7		女字乳臾洳籹牸茹喻裕諭
jua7	zzua7		那若偌
juah8	zzuah8		熱爇
juai2	zzuai2		餧
juan2	zzuan2		耎軟撋蝡輭餪蠕
juan5	zzuan5		堧撋	
juan7	zzuan7		
juat	zzuat		焫爇
juat8	zzuat8		爇
jue5	zzue5		挼捘捼痿緌蕤羸
jue7	zzue7		耒汭枘芮蚋睿銳叡
jui2	zzui2		蘂
jui5	zzui5		甤綏緌	
jun2	zzun2		蝡蠕
jun7	zzun7		媆閏韌嫩潤
ka	ga		枷狡珈茄迦家痂茭笳耞袈傀傢筊跏
ka2	ga2		到假斝絞賈嘏榎遘檟攪	
ka3	ga3		漖膏價稼膠駕
ka5	ga5		拁茄釓痂瘸
ka7	ga7		加甲共呷咬咳嘎齩
kah	gah		笚舺較鉀嘎蓋遘籱
kah8	gah8		甲攑	
kai	gai		鍇
kai2	gai2		改解觧
kai3	gai3		鈣戤罫解蓋誡骱廨
kai5	gai5		个個	
kai7	gai7		
kainn	gainn		肩閒	
kainn2	gainn2		揀	
kainn3	gainn3		閒間
kainn5	gainn5		個擎
kainn7	gainn7		勁
kak	gak		攫
kak8	gak8		搩摑磔擱擲
kam	gam		甘泔姦柑疳敢監緘	
kam2	gam2		
kam3	gam3		淦監檻艦鑑鑒贛灨
kam5	gam5		含咁弇啣嗛銜噙	
kam7	gam7		淦鰹
kan	gan		蕑蕳艱簡關
kan2	gan2		繭
kan3	gan3		旰姦倝間幹蜆骭榦澗諫瞷	
kan7	gan7		厈雁
kang	gang		工公功江杠岡矼蚣崗犅綱
kang2	gang2		牨股傋港犅耩講
kang3	gang3		洚虹降絳蝀瞷戇	
kang5	gang5		仝共
kang7	gang7		共	
kann	gann		柑監橄
kann2	gann2		子囝敢	
kann3	gann3		酵	
kann5	gann5		含犇銜	
kann7	gann7		咁
kap	gap		及甲合夾佮呷岬胛敆舺蛤搿鞈鴿	
kap8	gap8		及哈洽詥餄	
kat	gat		丐匃匄割結葛嘎蓇噶墼輵
kat8	gat8		竭
kau	gau		緱膠鮫鵁轇
kau2	gau2		鉸
kau3	gau3		彀滘較斠遘酵鉸餃
kau5	gau5		侯猴筊緱
kau7	gau7		厚
kauh	gauh		夾浹确斠膏轂	
kauh8	gauh8		硌詬觳	
ke	ge		笳傢嵇蛙街跏階暌葭嘉睽閨稽鮭雞
ke2	ge2		碻檟
ke3	ge3		罽薊檵繼
ke5	ge5		亓拁枷蛙嗘椵箇鮭	
ke7	ge7		下低快易
keh	geh		抉垎格莢郭搹裌隔槅膈蕨骼鍥	
keh8	geh8		挌格桀逆嗝搹撅
kenn	genn		更庚耕焿經羹鹻
kenn2	genn2		哽耞骾鯁
kenn3	genn3		徑桱
kenn5	genn5		經緣繫
kennh8	gennh8		挾嗘殛骾	
kha	ka		尻呿奇脚鈎腳跤鉲踦骹	
kha2	ka2		卡巧佧
kha3	ka3		卡叩扣敂揩搕較敲毃磕撽
kha7	ka7		卡咬豎
khah	kah		卡可恰曷郤祫筁袷搕較閤篧籗籱
khah8	kah8		闔	
khai	kai		肩奒喈揩開闓
khai2	kai2		肎豈凱剴揯塏愷楷暨皚覬鎧闓顗
khai3	kai3		咳欬愒慨揩摡溉愾概暨槩	
khaih	kaih		籱
khainn	kainn		肩掮喈鏗	
khainn2	kainn2		揯摼
khainn5	kainn5		鼐
khak	kak		碻麴嚳
khak8	kak8		咯咳欬喀	
kham	kam		坎坩勘堪嵁嵌戡歁龕
kham2	kam2		凵坎侃砍埳欿歁槏憨磡檻譀轗	
kham3	kam3		坎崁勘淦紺嵌戡墈蓋憨磡瞰闞矙	
kham5	kam5		咳弇嵁痷黔鑱	
kham7	kam7		硆陷喊痷撼	
khan	kan		刊看衦牽撁
khan2	kan2		侃肯衎
khan3	kan3		看衎罄
khang	kang		工孔功坑空埪康眶腔慷
khang2	kang2		亢孔眶
khang3	kang3		抗炕空掐控曠	
khann	kann		坩硿龕
khann5	kann5		含拑鉗箝銜
khap	kap		瞌磕闔
khap8	kap8		呷哈搕嘓磕
khat	kat		佧克汲刻剋勀尅級缺舀戛戞渴	
khat8	kat8		竭
khau	kau		叩尻扣訄剾跤鉤彄摳敲墝敺磽薅鬮	
khau2	kau2		口巧許
khau3	kau3		叩扣哭梏釦銬蔻簆礉
khauh8	kauh8		愕觳礉
khaunnh	kaunnh		(擬音)
khaunnh8kaunnh8		(擬音)
khe	ke		佉呿洼科嵇愘溪葵詼魁稽踦擓谿	
khe2	ke2		奊啟棨綮稽
khe3	ke3		嚙齧
khe5	ke5		拁痂椵葵稽瘸繫齘	
khe7	ke7		下
kheh	keh		夾客挈缺揢瞌篋鵲	
kheh8	keh8		挈挾逆喀愕揢撅	
khenn	kenn		坑阬
khennh	kennh		喀
khennh8	kennh8		咳挾喀嗄殛
khi0	ki9		去起
khi	ki		碕僛嶇摳榿敺觭諆踦駒機軀騎驅
khi2	ki2		企杞芑紀豈起綺齒顗
khi3	ki3		揭愾綺踦器憩
khi5	ki5		蜞蟣騎	
khi7	ki7		忌柿雉懼	
khia	kia		伽奇迦家單敧欺腳觭踦躸骹
khia5	kia5		騎
khia7	kia7		企伽徛豎踦	
khiah	kiah		隙	
khiak	kiak		却刻怯卻客恪埆戛殼毃躩	
khiak8	kiak8		逆戛戞殼劇碻壆矍	
khiam	kiam		謙
khiam2	kiam2		敢嗛慊歉	
khiam3	kiam3		欠芡傔
khiam5	kiam5		仱扲拑嵌鈐鉗箝緘擒黔黚
khiam7	kiam7		芡儉
khian	kian		岍汧牽趼掔愆鉉慳搴撁褰縴鏗鏲騫	
khian2	kian2		犬肯畎遣繾	
khian3	kian3		見芡俔牽焮摼譴	
khian5	kian5		虔乾墘攑	
khiang	kiang		羌姜腔鏗	
khiang2	kiang2		侃講	
khiang3	kiang3		唴強勥
khiann	kiann		輕
khiann3	kiann3		慶
khiap	kiap		呿怯儉壞	
khiap8	kiap8		挾掐給壞
khiat	kiat		詰嘎朅禊褉頡鍥擷譎鐍攑纈襭
khiat8	kiat8		桀戛硈搳碣撅擖黠蹶	
khiau	kiau		曲僑嘺嶠撬樛橇橈礄翹趬蹺蹻	
khiau2	kiau2		巧撟髜
khiau3	kiau3		曲喬噭徼鼼竅翹	
khiau5	kiau5		喬
khiau7	kiau7		撟
khiauh	kiauh		确磽礉	
khiauh8	kiauh8		愕撟碻礉	
khih	kih		缺
khih8	kih8		吃頰臞癯
khik	kiek		隙緙虢闃虩鶪
khim	kim		矜紟衾衿欽嶔襟
khim2	kim2		坅昑噤澿	
khim3	kim3		撳	
khim5	kim5		芩捦琴禽噙擒檎
khin	kin		氫輕鏗	
khin2	kin2		汱肯淺赾僅漌螼
khin5	kin5		芹勤懃
khin7	kin7		硜	
khing	king		擎鯨
khing2	king2		肎肯肻恐啃頃揯傾廎錹檾	
khing3	king3		声掯綮輕慶磬罄謦
khing5	king5		虹框惸傾煢敻窮嬛擎瓊鯨鬟
khing7	king7		共虹	
khinn	kinn		坑阬
khinn5	kinn5		扲拑虔捦鉗墘箝擒	
khio2	kior2		口
khio3	kior3		叩扣徼
khio7	kior7		梘
khioh	kiorh		却抾拓卻拾掬擷醵攫	
khiok	kiook		曲却卻郤脚筁粬蛐腳趜麴攫	
khiong	kiong		芎穹羌姜腔蛩跫蜣銎僵鞏殭疆
khiong2	kiong2		恐蛩鞏
khiong3	kiong3		
khiong5	kiong5		蛩跫瓊
khionn	kioonn		腔
khionn7	kioonn7		儉
khip	kip		吸扱汲泣芨笈級趿給
khip8	kip8		及扱掐趿
khit	kit		乞气吃迄喫給
khit8	kit8		杙芨榤橛橜櫭	
khiu	kiu		九勼丘坵邱蚯跔鳩樛鬮
khiu2	kiu2		扭豈搝鬮	
khiu3	kiu3		
khiu5	kiu5		勼虬虯球逑跔	
khiu7	kiu7		桕	
khiunn	kiunn		羗腔
khiunn7	kiunn7		儉
khng	kng		圈康糠鏮
khng3	kng3		伉匟囥抗捃寬壙藏曠勸	
kho	kor		尻柯珂科苛砢軻稞窠鈳箍蝌顆
kho2	kor2		丂可攷考坷岢拷洘哿栲烤舸薧	
kho3	kor3		髁
kho5	kor5		科葵魁
kho7	kor7		裸
khok	kook		毃漷酷確篧觳擴額嚳矍籗攫钁籱	
khok8	kook8		柝梏涸硞搕碡榼毃磕觷鰐	
khom	koom		通	
khom3	koom3		
khom5	koom5		鑱
khom7	koom7		
khong	kong		眶筐腔硿誆嵻慷漮箍箜穅糠躿
khong2	kong2		孔忼空倥悾慷骯儣	
khong3	kong3		閌誆頏頑骯鞚壙擴曠礦纊贛
khong5	kong5		狂
khong7	kong7		誆躿	
khonn2	koonn2		可
khonn5	koonn5		齁
khoo	koo		薖顆
khoo2	koo2		口可考苦許釦	
khoo3	koo3		褲簆齁鷇
khoo5	koo5		芤瘔糊魱餬	
khop	koop		蓋
khu	ku		丘呿坵拘邱祛區袪嶇摳毆駒軀驅
khu2	ku2		去
khu3	ku3		去
khu5	ku5		跍跔跼踞瞿	
khu7	ku7		臼具柩惧懼	
khua	kua		夸侉刳姱誇跨骻
khua2	kua2		可許銙踝	
khua3	kua3		快垮挂秙胯掛罣袴跨靠褲顧	
khua5	kua5		桍
khua7	kua7		嘩
khuah	kuah		渴闊擴
khuai	kuai		擓	
khuai2	kuai2		蒯蹶
khuai3	kuai3		快塊筷蒯駃噲擓
khuai5	kuai5		擓
khuainn3	kuainn3		快
khuan	kuan		圈寬髖
khuan2	kuan2		欵款綣
khuan3	kuan3		券勸
khuan5	kuan5		拳圈惓環鐶權鬟	
khuann	kuann		寬
khuann2	kuann2		欵款
khuann3	kuann3		快看渙寬闊
khuat	kuat		孓缺厥蛞劂噘獗橛蕨闊闋闕蹶	
khuat8	kuat8		块抉撅
khue	kue		刮恢科悝盔傀溪葵詼睽魁稽
khue2	kue2		稽篋踝
khue3	kue3		快契挂架啃喫課踝靠嚙蹶
khue5	kue5		葵踡踦瘸	
khueh	kueh		夾劼客挈挾缺喫瞌瞎篋	
khueh8	kueh8		夾挈挾	
khuh	kuh		乞咳踞
khuh8	kuh8		汨	
khui	kui		傀開暌睽窺虧巋
khui2	kui2		宄庋佹軌匭傀揆晷詭跬簋蹞	
khui3	kui3		气汽季炁氣悸傀喟媿愧痵潰
khui5	kui5		睽
khui7	kui7		潰
khuinn3	kuinn3		快勸
khun	kun		鯤鵾麕
khun2	kun2		齦
khun3	kun3		困捃睏裉睡
khun5	kun5		囷芹捆圈勤緄蜠蜷踡懃環
khun7	kun7		倦
khut	kut		屈胐倔堀搰窟
khut8	kut8		淈棞	
ki	gi		俥祇俱倚姬飢基梔幾敧朞期椐琚腒
ki2	gi2		麂舉蟣櫸
ki3	gi3		穊翨踞冀懅據鋸屨薊覬遽瞿騎蘧籧
ki5	gi5	
ki7	gi7		徛惧惎詎距鉅跽颶懼
kia	gia		迦袈跏
kia3	gia3		寄
kia5	gia5		夯伽岐奇拁崎荷敧
kia7	gia7		埼崎
kiah	giah		揭撠
kiah8	giah8		丮拱屐桀揭敧撠擎舉蹻矍攑躣	
kiak	giak		格脚腳
kiak8	giak8		劇噱臄矍	
kiam	giam		兼堿尲搛椷蒹緘縑尷鰜鶼鹼
kiam2	giam2		堿敢減撿檢瞼鹹鹻鹼
kiam3	giam3		劍劒
kiam5	giam5		鹹
kiam7	giam7		鐱
kian	gian		妍肩堅掮豜趼鈃犍慳熞鞬鰹	
kian2	gian2		囝梘趼罥筧褰謇蹇繭瀽襺	
kian3	gian3		件見建毽燕
kian5	gian5		岍汧乾凝	
kian7	gian7		件胘健揵腎楗犍腱鍵鞬	
kiang	giang		公姜羗僵橿薑疆韁	
kiang2	giang2		強彊繈襁
kiang5	giang5		強彊
kiang7	giang7		倞強殭謽
kiann	giann		京椋兢驚
kiann2	giann2		子仔囝囡
kiann3	giann3		件寄鏡
kiann5	giann5		行蚑筕檠臩	
kiann7	giann7		件健揵楗
kiap	giap		袷筴蛺裌跲篋鋏頰
kiap8	giap8		恊喋給馺
kiat	giat		馘
kiat8	giat8		杰桀偈傑揭楬碣竭潔磔羯鮚攑
kiau	giau		驍驕攪
kiau2	giau2		九局皎僥裱餃儌賭矯皦繳蹻攪灚
kiau3	giau3		叫呌訆噭徼	
kiau5	giau5		荍喬僑僥嶠橋蕎翹趫
kiau7	giau7		詨嶠撟撠撬矯轎
kiauh	giauh		勪撠攪
kiauh8	giauh8		噭
kiaunnh	giaunnh		(擬音)
kih	gih		砌噱築臞	
kih8	gih8		噱臞
kik	giek		槅毄膈撠鴃墼憿激翮骼擊鎘鵙	
kik8	giek8		局侷俗屐極劇
kim	gim		今金紟衿惍禁襟	
kim2	gim2		錦
kim3	gim3		禁僸噤	
kim7	gim7		妗扲	
kin	gin		巾今斤呁均芎矜觔根筋鈞筠跟皸麇
kin2	gin2		囝囡巹蚓堇菫僅墐漌緊槿瑾蓳謹警	
kin3	gin3		艮見僅絹靳擎	
kin5	gin5		呁垽緊瀽
kin7	gin7		近僅腱靳墐槿殣瑾覲饉
king	ging		宮挭涇耕荊脛莖揯硜稉絚間粳經觥
king2	ging2		烱竟絅揀景痙筧綗境儆影憬熲駉璟
king3	ging3		競警
king5	ging5		惸煢窮嬛擎檠瓊黥
king7	ging7		勁倞哽峺挭涇梗烴脛硬綆頸競	
kinn	ginn		更京庚梔焿經墘羹鹻驚鹼
kinn2	ginn2		哽耞骾鯁
kinn3	ginn3		見徑桱
kinn5	ginn5		舷經墘
kinnh	ginnh		桊
kio	gior		茄溝
kio3	gior3		叫
kio5	gior5		茄橋蕎
kio7	gior7		蕎簥轎
kioh	giorh		叫脚腳講
kiok	giook		匊掬椈粬菊腳踘鞠屩鞫蹻麴矍
kiok8	giook8		局侷跼劇噱臄屩矍醵戄
kiong	giong		薑礓疆繮鏹韁龔
kiong2	giong2		廾共供拱栱珙強鞏繈襁龔
kiong3	giong3		供	
kiong5	giong5		廾邛強笻蛩跫窮彊瓊藭
kiong7	giong7		共弶強犟彊糨
kionn	gioonn		荊腔腭葁薑麞韁	
kionn5	gioonn5		強
kionn7	gioonn7		彊謽
kip	gip		伋岌扱急級給
kip8	gip8		及岌芨笈鈒	
kit	git		丮吉犵佶姞急桔結給蛣暨橘
kit8	git8		汔汽結鮚	
kiu	giu		蹜鬮
kiu2	giu2		九久灸玖糺糾赳韭鼼韮	
kiu3	giu3		叫灸究疚糾捄救廄絿廐鼼鼽	
kiu5	giu5		逑絿裘觩賕璆銶鼽
kiu7	giu7		臼咎疚昝柩舅舊
kiuh	giuh		叫吸匊捄救搐
kiuh8	giuh8		吸
kiunn	giunn		姜荊腔薑繮麞韁齶
kiunn7	giunn7		強謽
kng	gng		光扛岡缸堈禈綱罁擡	
kng2	gng2		卷捲脘管廣
kng3	gng3		串券卷呠桊牶貫釭焵絭槓鋼鏆礦
kng5	gng5		狂
kngh8	gngh8		呠
ko	gor		瘑睾膏橰篙糕翱鍋櫜鼛
ko2	gor2		稿躶縞薧鎬
ko3	gor3		个划各告更個過箇膏鋯撾
ko5	gor5		笱翗膏糊翱翺	
ko7	gor7		和硌硞號膏	
koh	gorh		各更肐佫胳復袼過閣擱	
koh8	gorh8		咯苟	
kok	gook		漷聝鉻閣槨穀膕糓縠骼擱濲蟈轂顎
kok8	gook8		咯嘓摑擱	
kong	gong		缸剛宮桄罡胱蚣訌啌堈崗掆釭焵犅
kong2	gong2		狂鑛栱逛管廣講獷鄺礦	
kong3	gong3		攻汞俇桄貢逛焵絳嗊摃誆槓熕誑贛
kong5	gong5		狂俇鵟	
kong7	gong7		狂誆誑
konn5	goonn5		鼾
koo	goo		菰觚辜酤鈎媾溝鉤構歌箍遘嫴骷鮕
koo2	goo2		笱蚼詁賈鈷鼓嘏皷管稿臌盬瞽蠱	
koo3	goo3		痼詬過雊僱構遘錮覯購顧
koo5	goo5		耇糊魱餬	
koo7	goo7		怙詁講	
kop	goop		鞹
kop8	goop8		吷
ku	gu		腒跍跔傴艍裾踞駒龜軀齁
ku2	gu2		蒟蝺窶踽舉韮櫸籧齲
ku3	gu3		勾句吸灸倨据踞據窶鋸屨蘧鐻籧	
ku5	gu5		臞癯籧蠷衢
ku7	gu7		鉅雊虡踞遽颶舊
kua	gua		瓜枯柯胍媧徦渦腡過歌緺擱顆騧羈
kua2	gua2		許寡	
kua3	gua3		介卦怪芥挂掛窐罣絓罫詿過蓋褂	
kua5	gua5		檺
kua7	gua7		誇
kuah	guah		刮括割渴葛嘓摑	
kuai	guai		瓜乖佳蛙諧	
kuai2	guai2		夬拐枴蒯
kuai3	guai3		圣怪獪	
kuai5	guai5		怪蛙	
kuai7	guai7		乖拐蹶躗
kuainn	guainn		杆肩輄關
kuainn2	guainn2		夬枴桿稈寡蒯
kuainn3	guainn3		慣
kuainn5	guainn5		峞高懸
kuainn7	guainn7		縣
kuainnh	guainnh		趹蹶
kuak8	guak8		吷
kuan	guan		鋗鵑關鰥蠲觀
kuan2	guan2		館
kuan3	guan3		鄄睠祼絹慣盥雚灌瓘礶罐觀鑵顴鸛
kuan5	guan5		刓峞拳高婘惓蜷踡縣鬈懸權顴	
kuan7	guan7		券倦縣	
kuang	guang		光
kuann	guann		觀
kuann2	guann2		另杆赶剮桿稈寡趕擀礦
kuann3	guann3		汗灌觀鑵鸛
kuann5	guann5		寒
kuann7	guann7		毌汗拇捾携摜斡綰攜	
kuat	guat		趹聒蛞劀駃噘颳鴂鴃橛橜鴰鵙譎
kuat8	guat8		亅抉趹摑橛橜蹶
kue	gue		瓜刮傀蛙街階萪龜檜雞	
kue2	gue2		支庋改果解餜粿碻擱
kue3	gue3		懀澮獪鄶檜膾薈繪鱖鱠
kue5	gue5		葵膎鮭
kue7	gue7		快乖易趶會噲蹶	
kueh	gueh		圿刮挾胳莢郭絜劂廓潔蕨鍥
kueh8	gueh8		夾挾狹截橛	
kuh	guh		句灸究呴固	
kuh8	guh8		句固過
kui	gui		機窺龜舉鮭歸闚
kui2	gui2		宄改佹垝姽癸軌鬼匭傀幾揆晷詭簋
kui3	gui3		瑰劊劌憒檜瞶簣
kui5	gui5		馗揆逵戣葵懷騤夔	
kui7	gui7		簣繢聵餽懷籄饋
kuih	guih		扴刮割劀劃颳擦
kuih8	guih8		鑎膭籄
kuinn	guinn		光杆間褌關
kuinn2	guinn2		卷捲桿稈管廣
kuinn3	guinn3		串卷桊貫絭慣
kuinn5	guinn5		峞高懸
kuinn7	guinn7		縣
kun	gun		褌餛麇
kun2	gun2		鯀	
kun3	gun3		劤艮拫茛混棍渾滾緄諢謴	
kun5	gun5		宭拳焄焜窘群裙麇	
kun7	gun7		近郡珺惲菌群攟	
kut	gut		出扢杚骨搰猾榾鶻	
kut8	gut8		汨汩倔堀崛掘愲滑猾僪磆鶻	
la0	la9		啦喇
la	la		拉挪樂	
la2	la2		鬧
la3	la3		了拉啦喇
la5	la5		蜊膋儖朥磟膫蟟蟧嚨攏鯪	
la7	la7		閙撈撓鬧攍鯪	
lah	lah		垃拉啦處喇	
lah8	lah8		拉勒腊曆獵爉臘蠟鑞鱲
lai0	lai9		來
lai	lai		炱
lai2	lai2		歹歺唻懶	
lai5	lai5		來崍徠梨郲棃萊錸鶆
lai7	lai7		內利事來徠淶睞賚賴戴癩	
lak	lak		落摝漉橐錄轆	
lak8	lak8		六掠略掿絡慄搙搦搮溺磟鑠	
lam	lam		婪惏掩喃籃襤籠
lam2	lam2		纜
lam3	lam3		任坔妊湳腩罱霖濫襤	
lam5	lam5		藍籃襤
lam7	lam7		濫檻爁艦纜
lan	lan		刪芟趼跰薙蹸鱗囒	
lan2	lan2		咱若俺赧嬾懶戁	
lan5	lan5		鈴零闌難攔瀾斕欄蘭襴鱗讕	
lan7	lan7		卵難瀾爛	
lang0	lang9		人
lang	lang		砱儜壠瀧蘢籠	
lang2	lang2		朗誏儱攏籠聾攬	
lang3	lang3		
lang5	lang5		人虫郎隆農儂膿礱籠聾	
lang7	lang7		弄挵笭閬籠儾	
lap	lap		入內凹垃納衲塌蹋邋躐躡	
lap8	lap8		內拉納衲鈉魶儠臈獵爉臘蠟躐	
lat	lat		剌啦捺喇漯鬎	
lat8	lat8		力叻剌栗捺揦辣鬎鯻癧鰳	
lau	lau		佬	
lau2	lau2		老佬咾荖腦撓蓼謱	
lau3	lau3		老絡溜盝落漏澇露	
lau5	lau5		牢呶怓流留劉樓瘤鐃	
lau7	lau7		尥老淖荳漏鬧橈瘺	
lauh	lauh		嚙
lauh8	lauh8		落
le0	le9		咧
le	le		咧絡詉囇	
le2	le2		礼妳咧詈豊澧儡嬭禮禰醴灃癧蠡鱧
le3	le3		泥咧勒礪鑢	
le5	le5		蔾螺瓈藜邌麗黧蠡劙黐籬驪鸝
le7	le7		麗礪儷糲蠣灑曬鑢籭鱱鱺
leh	leh		咧砌弱勒捩笠瀝礫劙靂
leh8	leh8		咧弱捩笠裂瀝礫劙靂	
li0	li9		裡
li	li		厘哩展勒釐離	
li2	li2		浬理喱裏裡屢爾膂鉺履鋰儞瘰縷褸
li3	li3		字剓裂	
li5	li5		褵醨釐離廬櫚簾麗蘆儷魑灕蘺黐籬
li7	li7		荔梠莅莉痢詈貳蒞餌厲慮膩濾離魏
lia	lia		遮	
lia2	lia2		惹	
lia3	lia3		喇
lia7	lia7		喏	
liah	liah		迹喇跡摘蹟	
liah8	liah8		扐拏拿捕掠搦撂擇	
liak8	liak8		力掠略畧	
liam	liam		冉拈跕踗臨躡
liam2	liam2		冉染苒蚺髯斂殮臉瀲蘞	
liam3	liam3		念捻殮
liam5	liam5		賺黏鎌簷簾蠊襜襝鯰鬑蘞鐮
liam7	liam7		念唸捻廉殮	
lian	lian		苶嗹蔫蘦
lian2	lian2		跈僆摙撚璉碾輦輪臉蹍輾攆蹨	
lian3	lian3		漣輾攆轔圝	
lian5	lian5		年荔連然零漣憐璉蓮燃聯褳謰難鰱
lian7	lian7		連揀僆楝煉練閵鍊鏈	
liang	liang		喨鈴
liang2	liang2		兩倆魎嚷
liang5	liang5		良娘梁涼量粮粱樑糧孃
liang7	liang7		兩亮倞量諒輛讓
liap	liap		襵讘躡鬣鑷	
liap8	liap8		鬣	
liat	liat		奊遮
liat8	liat8		列冽咧洌哳烈捩裂熱鴷
liau	liau		凋	
liau2	liau2		了爪嫋嫽憭撩潦蓼嬲瞭擾繚
liau3	liau3		爪尿抓料撓縐
liau5	liau5		潦獠朥燎磟膫遼療繆屪繚蟟藔蹽鐐	
liau7	liau7		尥尿炓料廖燎療繚繞鐐
liauh8	liauh8		了撟
lih	lih		皵
lih8	lih8		勒裂	
lik	liek		爍鑠襵
lik8	liek8		菉搦溺碌綠蒞曆歷錄鎘壢櫟瀝爍櫪	
lim	lim		啉飲
lim2	lim2		忍牣稟凜廩懍澟檁臨	
lim3	lim3		賃	
lim5	lim5		林淋尋琳痳霖臨	
lim7	lim7		仞任妊牣飪認	
lin	lin		佞乳玲鈴嗹輾鼟	
lin2	lin2		恁您僯橉
lin3	lin3		恁裏裡輪瞵輾蹸轔圝
lin5	lin5		磷轔驎鱗麟
lin7	lin7		佞吝悋甯認遴磷蹸轔藺躪	
ling	ling		奶乳湩嬭蘢儾
ling2	ling2		令伶冷領儜嶺濘矃	
ling3	ling3		愣踜躘
ling5	ling5	
ling7	ling7		閵鴒儾
lio	lior		燒
lio2	lior2		眽瞜瞭	
lio3	lior3		尿躼	
lio5	lior5		來掠蜊劉撈撩樓獠	
lio7	lior7		尿溺路廖漏	
lioh	liorh		瞭嚧
lioh8	liorh8		弱略溽錄	
liok	liook		忸逐
liok8	liook8		逯僇搦碌瘧綠蒻戮箬蓼醁磟穋褥蹃
liong2	liong2		冗宂兩倆蜽輛魎壟嚷釀
liong3	liong3		踜躘讓
liong5	liong5		樑輬龍癃窿糧嚨瀧孃朧櫳瓏蘢礱瓤
liong7	liong7		冗宂亮涼喨晾量隆踉諒輛讓
lip	lip		入趇斂躡
lip8	lip8		入立笠粒
lit	lit		尼昵窒
lit8	lit8		日糼
liu	liu		六抽涼羞溜鰇鰌鰍鰡	
liu2	liu2		忸扭狃杻柳桞紐桺鈕溜綹澑罶蓼霤	
liu3	liu3		流紐溜皵瑠遛霤	
liu5	liu5		瘤鎏懰瀏薹鎦餾鏐飂騮飀鶹
liu7	liu7		熘蹓餾爒鰡
liuh	liuh		皵
liuh8	liuh8		六略溜
lo	lor		叨哰烙囉	
lo2	lor2		潦蓼儡蠃臝
lo3	lor3		
lo5	lor5		撈潦澇濁罹癆螺蟧醪羅蠃覶糯鐒儸
lo7	lor7		邏
loh	lorh		咯洛嘮囉
loh8	lorh8		絡落樂駱	
lok	look		甪衂恧衄逯槖漉綠橐簏	
lok8	look8		落貉酪摝漉犖粶雒樂樚諾蹃錄駱簏
lom	loom		囊籠	
lom2	loom2		荏	
lom3	loom3		坔畓湳
long	long		啷廊瓏囊籠	
long2	long2		齉
long3	long3		哢埌挵浪桹硠踉撞閬	
long5	long5		瀧襛隴曨朧櫳瓏蘢醲矓礱蘘囊籠聾
long7	long7		弄哢埌浪梇烺衖閬儾	
loo	loo		烙摟	
loo2	loo2		擄簍嚕擼櫓氌艣鐪髏
loo3	loo3		奼嘮蘆露
loo5	loo5		瀘羅鏤櫨爐臚蘆髏纑罏艫蘿轤籮顱
loo7	loo7		璐蕗螺穤露鷺
looh	looh		嘍嘮
lop	loop		
lu	lu		趄溜擩攄	
lu2	lu2		穭
lu3	lu3		謱鑢	
lu5	lu5		鑪顱驢
lu7	lu7		女呂侶梠喻裕慮鋁儒諭濾穭鑢
lua	lua		捋	
lua2	lua2		藞
lua3	lua3		瀨
lua5	lua5		籮
lua7	lua7		如若迣埒偌惰賴懶瀨	
luah	luah		捋揦攋蠚	
luah8	luah8		寽埒捋捺揦焫辣熱攋爇	
luan	luan		孿	
luan2	luan2		卵阮耎軟媆愞暖煖嫩蝡輭擩餪蠕臠	
luan3	luan3		亂
luan5	luan5		圝孌孿巒戀攣曫欒臠圞灤鑾癵鸞	
luan7	luan7		乱偄亂戀攣
luat	luat		劣哷埒捋鋝
luat8	luat8		埒捋辣酹頱
lue2	lue2		詈餒餧禮鮾	
lue3	lue3		鑢
lue5	lue5		挼捼犁羸
lue7	lue7		內耒氝睿銳礪鑢鱱
lueh8	lueh8		笠
luh	luh		
lui	lui		腄癗鐳	
lui2	lui2		礌藟礧蘂儽虆
lui3	lui3		替碎褸類
lui5	lui5		累蜊雷嫘擂檑縲癗纍罍鐳欒虆	
lui7	lui7		礧纇
lun	lun		伸圇腀縮蠕	
lun2	lun2		冷忍牣砓愞碖稐耣輑凜碾懍蠕戁	
lun3	lun3		溣潤蝡論濡蠕	
lun5	lun5		侖倫圇崙掄淪腀碖綸蜦論輪
lun7	lun7		肕崙軟媆閏韌嫩潤論
lut	lut		甪禿角肭芮捋脫詘落黜
lut8	lut8		吶寽律捋率訥嵂葎繂	
m0	m9		伓
m2	m2		母呣姆
m5	m5		伓苺梅
m7	m7		不伓
ma0	ma9		嘛
ma	ma		哞酕嗎矇鷌	
ma2	ma2		馬嗎媽滿瑪碼螞鷌
ma3	ma3		嗎鷌	
ma5	ma5		明麻痳嘛蔴
ma7	ma7		亦明傌禡罵	
mah	mah		肉
mai	mai		哩嘪糜
mai2	mai2		挽買
mai3	mai3		勿嘪	
mai5	mai5		糜	
mai7	mai7		昧袂覓勱賣邁蠆	
maih	maih		凹邁
mang	mang		瞢
mau	mau		
mau2	mau2		卯覒鉚
mau5	mau5		毛矛茅茫媌蝥蟊鍪
mau7	mau7		冒媌貌藐	
mauh	mauh		卯食藐	
me	me		羋咩咪搣	
me2	me2		羋咩猛蜢
me3	me3		罵
me5	me5		芒夜明盲冥暝蝆瞑鋩瞢矇籃曫
me7	me7		罵
meh	meh		哶蜢蝆	
meh8	meh8		脉脈搣
mh8	mh8		十
mi	mi		咪哶密搣嬭彌鞭	
mi2	mi2		猛彌
mi5	mi5		芒夜明盲冥迷棉暝綿瞑鋩矏
mi7	mi7		敉媚謎麵
mia2	mia2		乜	
mia5	mia5		名明樠
mia7	mia7		命
miah8	miah8		明
mih	mih		乜物哶麼
mih8	mih8		乜乇物麼
min5	min5		明
mng	mng		麼濛
mng2	mng2		晚	
mng3	mng3		問
mng5	mng5		毛尨門眠蒙
mng7	mng7		問
mngh	mngh		物
mngh8	mngh8		物
moo	moo		毛吽哞菵摸	
moo2	moo2		麼蓩	
moo5	moo5		魔
moo7	moo7		芼冒眊茂耄媢瑁塺摩懋	
mooh	mooh		庅麼瘼	
mooh8	mooh8		膜	
mu	mu		吽
mua	mua		披幔	
mua2	mua2		滿
mua3	mua3		幔
mua5	mua5		麻痲痳蔴瞞鰻蠻
mua7	mua7		幔	
muai2	muai2		每
muai5	muai5		枚玫敉梅莓媒煤酶霉糜黴
muai7	muai7		妹昧眛韎魅
mue2	mue2		尾每杪浼
mue5	mue5		囮枚某梅莓媒霉糜黴	
mue7	mue7		妹
mui	mui		麼
mui2	mui2		每浼晚
mui5	mui5		呆枚玫門苺眠梅脢莓媒煤塺霉蟆
mui7	mui7		妹抹沫沬昧眛問韎魅
muih8	muih8		蟆
na2	na2		那拏若哪娜拿挐挪喏愈覽欖	
na3	na3		電爁	
na5	na5		旦岩林喦電碞磟藍嚨攔籃鐃巖蘿
na7	na7		丙任但住那居若留訥喏然塌爁	
nah	nah		內凹那訥喏塌爁	
nai	nai		奶乳腉熋孻
nai2	nai2		乃奶氖那迺嬭	
nai5	nai5		腉蓮孻籃
nai7	nai7		佴奈柰耐荔睞賚鼐賴錼瀨藾癩籟襱
naih	naih		凹塌
nau	nau		摳
nau2	nau2		惱瑙腦撓獳
nau5	nau5		呶怓撓橈譊鐃
nau7	nau7		鬧橈
nauh	nauh		咬嚙齩	
ne	ne		奶乳爾嬣薴
ne2	ne2		奶妳喏嬭	
ne3	ne3		企喏讘躡	
ne5	ne5		拎	
ne7	ne7		另量儜矃
neh	neh		凹呢塌懾躡
neh8	neh8		呢捏靂
ng	ng		央奄秧掩揜搵擁	
ng2	ng2		抁阮俺箢綩影蔭擁	
ng3	ng3		向映慍瞈聬	
ng5	ng5		王黃癀磺	
ng7	ng7		暈
nga2	nga2		囝雅
nga5	nga5		巖
nga7	nga7		訝憨
ngai2	ngai2		研眼訝磑騃齩
ngai7	ngai7		乂刈艾哎礙
ngaih	ngaih		齩
ngam2	ngam2		頷
ngam7	ngam7		
ngat	ngat		恝
ngau2	ngau2		咬偶齩	
ngau5	ngau5		爻肴崤淆殽熬餚	
ngau7	ngau7		嗸樂藕
ngauh	ngauh		咬耦齩
ngauh8	ngauh8		
nge	nge		
nge2	nge2		雅
nge7	nge7		硬
ngeh	ngeh		夾挾莢筴鋏	
ngeh8	ngeh8		夾挾
ngh8	ngh8		嗯
ngi	ngi		狋
ngi2	ngi2		耳
ngi7	ngi7		硬
ngia5	ngia5		迎
ngiah8	ngiah8		愕	
ngiau	ngiau		
ngiau2	ngiau2		嘵撓攪
ngiau3	ngiau3		嗷嘵	
ngiau5	ngiau5		淆
ngiau7	ngiau7		亅撓	
ngiauh	ngiauh		亅撠蟯	
ngiauh8	ngiauh8		岋	
ngih	ngih		(擬音)
ngih8	ngih8		(擬音)
ngiu2	ngiu2		扭揉
ngiu5	ngiu5		牛	
ngiuh	ngiuh		溜
ngoo2	ngoo2		五午仵伍忤我迕偶耦藕	
ngoo5	ngoo5		蛾蜈衙嗷廒熬獒遨鋨翱聱螯翺謷鵝
ngoo7	ngoo7		誤餓謷鏊驁
ngueh	ngueh		夾莢筴
ngueh8	ngueh8		挾
ngui2	ngui2		研眼
ngui7	ngui7		磑
ni	ni		奶尔乳呢妳拈捏勒蛉鈮爾儞嬭	
ni2	ni2		尒尔耳伲你呢染洱珥爾儞禰	
ni3	ni3		女企莉躡	
ni5	ni5		檐黏簷簾櫺鐮
ni7	ni7		女泥哖涖莅莉	
nia2	nia2		那愈領嶺
nia3	nia3		矃
nia5	nia5		耳娘爾
nia7	nia7		岭崚陵稜爾
niah	niah		赫
niau	niau		媌猫撓貓
niau2	niau2		爪老鳥裊蔦嬝	
niau3	niau3		抓縐	
niau7	niau7		尿
nih	nih		而呢裡瞬躡	
nih8	nih8		捏勒裡籋
nioo	nioo		娘梁
nioo2	nioo2		兩
nioo5	nioo5		娘梁涼量粮樑糧孃
nioo7	nioo7		量讓
niu	niu		妞鴦	
niu2	niu2		兩
niu5	niu5		娘梁涼量粮樑糧孃蠶
niu7	niu7		量讓
nng	nng		囊攮	
nng2	nng2		耎偄軟媆嫩輭
nng3	nng3		挵淪蝡趡讓	
nng5	nng5		郎圇崙廊榔蓈團縺膿瓤釀	
nng7	nng7		二卵兩浪蛋釀
nngh8	nngh8		裡
noo0	noo9		喏
noo2	noo2		老努
noo5	noo5		奴伮那猱駑懦糧糯儺
noo7	noo7		二那兩怒哪耨懦糯	
nooh	nooh		那哪
nua2	nua2		挪揉撋賴輭攤	
nua3	nua3		妹淖僆	
nua5	nua5		攔欄
nua7	nua7		妹涎淖僆嫩賴嬾懶瀨瀾爛灡	
nui	nui		
nui2	nui2		軟
nui3	nui3		趡
nui5	nui5		柚連蓮欒	
nui7	nui7		卵荔蛋蓮
o	or		萵碢窩蒿蝸褒踒撾橰錒薅鍋爊鏖
o2	or2		妸娿婀婐捰噢襖
o3	or3		侉啊欸荷奧墺懊澳隩薁
o5	or5		呵蚵蠔
o7	or7		嗬
oh	orh		啊惡僫難
oh8	orh8		學	
ok	ook		沃屋堊喔惡渥噁鋈齷
ok8	ook8		哊喔
om	oom		掩
om2	oom2		掩
om7	oom7		蓊
ong	ong		尪汪翁嗡蓊骯螉
ong2	ong2		坱往枉滃暡蓊瞈
ong3	ong3		王坱瓮盎塕瞈聬甕罋齆
ong5	ong5		王	
ong7	ong7		王用旺鳯鳳	
onn	oonn		捂掩
onn3	oonn3		啞惡噁	
oo	oo		歐橰謳鎢鷗
oo2	oo2		穵挖隖塢摀鄔嘔嫗漚敺歐毆
oo3	oo3		汙污荷惡噁
oo5	oo5		和胡喔壺湖猢瑚葫蝴衚醐餬鶘鶦	
oo7	oo7		芋蕷	
ooh	ooh		喔
ooh8	ooh8		嗀嘔歍
op	oop		喔
pa	ba		巴叭吧爸芭疤笆粑羓豝葩	
pa2	ba2		把飽
pa3	ba3		伯杷爸垻豹靶霸壩灞	
pa5	ba5		扒杷爬爸趴琶鈀筢	
pa7	ba7		爸耙罷	
pah	bah		叭百佰爸
pai	bai		俳擺
pai2	bai2		回捭跛擺襬
pai3	bai3		庍拜
pai5	bai5		俳徘排棑牌簰	
pai7	bai7		敗稗粺憊
painn2	bainn2		反跛擺
painn5	bainn5		旁
pak	bak		北剝幅腹駁駮
pak8	bak8		縛贌
pan	ban		扳攽便俳班般斑賁搬斒頒瘢癍攀
pan2	ban2		反坂岅阪昄板版舨鈑蝂闆	
pan5	ban5		便瓶缾鉼
pan7	ban7		扮笵槾範辦瓣
pang	bang		方邦枋祊崩梆幇縍幫	
pang2	bang2		挷琫菶綁榜
pang3	bang3		放泵謗
pang5	bang5		房逄馮縫龐
pang7	bang7		泵蚌棒
pat	bat		八仈叭扒別捌識
pat8	bat8		別菝彆
pau	bau		勹包孢胞苞笣鞄褒鮑	
pau2	bau2		飽
pau3	bau3		豹餃	
pau5	bau5		包刨咆庖炮炰瓟匏袍跑鉋鞄鮑齙鑤
pau7	bau7		菢鉋暴	
pauh	bauh		暴爆齙	
pe	be		貝飛棓菠篦鎞	
pe2	be2		把靶擺	
pe3	be3		壩
pe5	be5		扒杷爬耙琶鈀筢賠
pe7	be7		父佩爸背負倍耙陛梐焙瑁
peh	beh		八叭扒癶百伯挀柏趴剝逼擗擘檗	
peh8	beh8		白帛拔箔
penn	benn		拼弸繃
penn2	benn2		靶
penn3	benn3		柄
penn5	benn5		平坪棚臺
penn7	benn7		病
pha	pa		吧拋泡胞脬葩
pha2	pa2		
pha3	pa3		帊帕怕泡咟炮	
pha7	pa7		抱泡疱皰	
phah	pah		扑打拍搏撲
phah8	pah8		白
phai	pai		
phai2	pai2		歹圮否敗惡掰
phai3	pai3		伂沛肺派旆淠掰湃蒎霈鎃	
phainn2	painn2		歹圮否敗惡壞	
phainn7	painn7		佩背負
phak	pak		仆伏朴樸瞖覆	
phak8	pak8		暴曝
phan	pan		扳潘攀
phan2	pan2		眅闆
phan3	pan3		判拚盼襻	
phang	pang		乓芳香蜂豐麷	
phang2	pang2		紡捧
phang3	pang3		胖
phang5	pang5		帆房航捧盤篷
phang7	pang7		傍棒縫
phann3	pann3		冇怕泛粃
phann7	pann7		
phat	pat		汃	
phau	pau		拋泡胞脬
phau2	pau2		炮跑	
phau3	pau3		抱泡炮皰砲袍礮	
phau5	pau5		袍
phau7	pau7		抱皰鉋鑤
phauh	pauh		泡博發鞄
phauh8	pauh8		雹	
phe	pe		批坯拚拼柀胚紕醅	
phe2	pe2		睥頰	
phe3	pe3		朮沛帕紕配霈	
phe5	pe5		皮
phe7	pe7		被稗
pheh8	peh8		沫泡垡堛橰
phenn	penn		抨拼偏摒	
phenn3	penn3		柄
phenn5	penn5		抨彭澎
phenn7	penn7		嘭
phi	pi		駓
phi2	pi2		庀圮否疕痞鄙厴嚭	
phi3	pi3		屁俾媲睥辟嬖譬
phi5	pi5		皮佊疲脾詖鈹罷鋤羆
phi7	pi7		帔被濞
phiah	piah		疹僻避癖
phiah8	piah8		辟壀甓癖
phiak	piak		噼擗	
phiak8	piak8		拍啪堛壀擗澼爆霹	
phian	pian		扁偏篇翩蹁
phian2	pian2		展惼翩翸
phian3	pian3		片遍諞騙
phian5	pian5		蹁
phiang	piang		乓脝	
phiang3	piang3		胖唪閘
phiang5	piang5		逢
phiang7	piang7		肨砰唪棒	
phiann	piann		拚拼箳骿	
phiann2	piann2		片丙鉼	
phiann5	piann5		平坪堋	
phiat	piat		丿氕汃嫳撇撆瞥蹩	
phiat8	piat8		撇	
phiau	piau		縹螵薸鏖鏢飄飆鑣
phiau2	piau2		剽縹醥皫
phiau3	piau3		票僄剽漂驃	
phiau5	piau5		朴嫖瓢薸
phih	pih		躄
phih8	pih8		熚礔
phik	piek		璧癖襞躃躄闢霹鷿
phik8	piek8		啪甓
phin	pin		乒繽
phin2	pin2		品	
phin3	pin3		
phin5	pin5		乒苹偏淜憑蹁頻
phing	ping		乒怦抨俜拼娉砰崩淜烹絣漰磞繃	
phing2	ping2		
phing3	ping3		姘拼娉掽碰聘踫甏騁
phing5	ping5		坪朋苹彭棚萍評硼澎憑膨鵬
phing7	ping7		并並併凭馮憑	
phinn	pinn		抨便拼偏篇	
phinn2	pinn2		片
phinn3	pinn3		片癖	
phinn5	pinn5		平坪抨彭澎
phinn7	pinn7		砒鼻嚊濞	
phinnh8	pinnh8		
phio	pior		飄
phio3	pior3		票僄剽漂
phio5	pior5		萍瓢薸	
phit	pit		匹疋畢筆
phiu	piu		彪	
phiu3	piu3		剽嘌漂	
phng	png		妨滂噴鐇
phng3	png3		岔嗙碰	
phng5	png5		馮噴
phngh	pngh		忿
phngh8	pngh8		噴	
pho	por		坡波頗皤
pho2	por2		叵尀笸跛頗
pho3	por3		冇抱剖破	
pho5	por5		葡
pho7	por7		抱部
phoh	porh		朴粕博魄樸	
phoh8	porh8		泊	
phok	pook		噗撲樸璞濮嚗鎛醭髆襮
phok8	pook8		泡烞跑煿噗暴瀑曝爆欂	
phong	pong		胮磅	
phong2	pong2		乓捀髈捧嗙搻耪	
phong3	pong3		髼
phong5	pong5		芃泙埄菶蓬膨篷髼
phong7	pong7		怦炐埄砰唪掽逢滂碰閛嘭蓬膨	
phoo	poo		掊菩裒敷膚舖鋪麩	
phoo2	poo2		譜鐠
phoo3	poo3		破舖鋪磻
phoo5	poo5		扶抔莆菩葡蒲	
phoo7	poo7		菩廍蔀簿
phu	pu		哹
phu2	pu2		袢普殕蜅氆醭	
phu5	pu5		芙浮烰葡
phu7	pu7		哹浡浮烰翾鬻	
phua	pua		拋	
phua3	pua3		派剖破被發撇
phua5	pua5		
phuah	puah		潑鏺
phuah8	puah8		佩拔	
phuan	puan		拌番潘藩
phuan2	puan2		坢	
phuan3	puan3		伴判泮胖袢	
phuan5	puan5		胖盤蟠蹣
phuan7	puan7		伴叛
phuann	puann		潘藩
phuann3	puann3		判販
phuann5	puann5		枰盤
phuann7	puann7		伴
phuat	puat		丿叭癹撇潑蹳鏺	
phue	pue		坏批坯披拚狉拼柀胚醅	
phue2	pue2		屁俖胚頰髀	
phue3	pue3		片妃沛佩紕配唾	
phue5	pue5		皮
phue7	pue7		被稗
phueh8	pueh8		沫堛橰
phuh	puh		吹哱噴	
phuh8	puh8		哱浡雹薄鬻	
phui2	pui2		呸頰
phui3	pui3		否屁呸咅怫昲紕艴唾蜚	
phuinn3	puinn3		鐇
phuinn7	puinn7		
phun	pun		奔賁噴潘歕錛	
phun2	pun2		呠畚翉翸	
phun3	pun3		吩呠泍喯逩噴濆歕燌
phun5	pun5		盆湓	
phut	put		刜怫昢朏茀艴馞鏺	
phut8	put8		咈荸餑鮄	
phuut	puut		炥	
pi	bi		鎞鵯鑐
pi2	bi2		匕比庀仳佊妣沘彼秕狴粃鄙
pi3	bi3		賁痹痺鉍閟飶箅駜嬖篦臂轡
pi5	bi5		篦蟌貔鎞鼙
pi7	bi7		鼻獘骳劓糒斃濞薜避髀贔
piah	biah		迫食壁
piak	biak		愊煏逼噼擗爆	
piak8	biak8		白咇趵噼爆	
pian	bian		扳便拼砭煸編鞭攀邊籩
pian2	bian2		扁砭匾貶萹碥稨蝙褊諞藊騙
pian3	bian3		半窆偏徧遍變	
pian5	bian5		平便胼楩緶褊駢骿
pian7	bian7		卞弁忭抃汳汴釆便楩緶辦辨瓣辮辯	
piang	biang		乓
piang3	biang3		乒乓併砰迸弸	
piang5	biang5		砰	
piang7	biang7		砰	
piann	biann		兵抨捠
piann2	biann2		丙餅
piann3	biann3		并並併拚拼迸摒傾
piann5	biann5		平抄搬盤
piat	biat		別彆撇憋瞥蹩癟	
piat8	biat8		白別苾彆瞥襒鱉虌	
piau	biau		髟摽標膘臕鏢	
piau2	biau2		表俵婊殍莩摽裱錶鰾	
piau3	biau3		俵裱	
pih	bih		逼撇撆潷熚踾避鱉鼈虌	
pih8	bih8		嗶潷熚踾
pik	biek		薜闢
pik8	biek8		白帛舶弼愎擗
pin	bin		鑌
pin2	bin2		牝秉屏扁揙禀稟箄箅箳臏
pin3	bin3		乒編儐篦擯殯臏髕鬢	
pin5	bin5		仌凭屏瓶貧缾憑頻嬪嚬瀕蘋顰	
pin7	bin7		牝儐憑嬪臏	
ping	bing		仌氷冰伻兵屏帡拼祊栟崩弸傍絣
ping2	bing2		餅鞞
ping3	bing3		并並併怲邴恲拼柄迸摒跰	
ping5	bing5		傰硼蟛鬅
ping7	bing7		並病竝偋	
pinn	binn		拼紕弸棚褊繃鞭邊	
pinn2	binn2		扁匾萹稨藊鯿
pinn3	binn3		柄變	
pinn5	binn5		平棚
pinn7	binn7		病編辮
pio	bior		僄摽標膘臕鏢飄
pio2	bior2		表俵錶
pio3	bior3		裱
pio7	bior7		鰾	
piong	biong		
pit	bit		虌
pit8	bit8		佖佛怭拂邲苾弼愎辟鼻熚劓擗襣闢
piu	biu		髟彪滮
png	bng		方楓幫
png2	bng2		本傍榜
png3	bng3		飯
png5	bng5		傍
png7	bng7		傍飯	
po	bor		玻菠僠嶓褒	
po2	bor2		呆保堡煲葆褓鴇寶
po3	bor3		報嶓播簸
po5	bor5		婆模蔢鄱皤櫇蘤	
po7	bor7		倍暴薄瀑
poh	borh		卜博駁簙
poh8	borh8		泊鉑箔魄薄
pok	book		卜北伏烞釙博鳪駁暴駮嚗簙餺爆	
pok8	book8		踣縛濮薄襆爆礡簿蹼醭鏷欂
pong	bong		磅
pong2	bong2		琫菶鞛榜
pong3	bong3		怦嗙謗蹦	
pong5	bong5		房甭旁髈傍棚雱馮徬滂膀蒡蓬螃鬅	
pong7	bong7		峒泵釙掽傍棒碰磅蓬鎊鬅	
poo	boo		夫埔捕埠晡脯痡菠蜅	
poo2	boo2		斧保捕脯補	
poo3	boo3		布佈怖抪傅報鈽播餔
poo5	boo5		蒲酺模餔
poo7	boo7		步候哺捕捗埠紨部輔暴餔擘篰	
pu	bu		哹焁歔	
pu2	bu2		斧撫
pu3	bu3		富
pu5	bu5		炮炰垺浮瓟匏
pu7	bu7		勽伏孚抱泡哹婦菢孵覆	
pua2	bua2		簸
pua3	bua3		貝簸
pua5	bua5		拋	
puah	buah		缽鉢撥	
puah8	buah8		卜拔博跋跌鈸鉢簙	
puan	buan		般搬	
puan2	buan2		坂阪舨般搬
puan3	buan3		半拌絆靽
puan5	buan5		弁拚胖般媻槃瘢盤磐蹣鎜鞶	
puan7	buan7		伴拌叛畔
puann	buann		般搬
puann2	buann2		魬
puann3	buann3		半拂絆靽
puann5	buann5		枰盤磐蹣	
puann7	buann7		扮拌
puat	buat		砵般缽鉢撥襏蹳鱍
puat8	buat8		犮拔茇袚菝跋軷鈸魃鼥	
pue	bue		不貝坯杯柸盃胚飛桮棓菠碑鎞	
pue2	bue2		倍掊裱撆	
pue3	bue3		貝佩背唄揹筫褙輩颶	
pue5	bue5		俳倍培掊陪毰菠裴賠踣醅
pue7	bue7		瑁碚蓓誖鋇
pueh	bueh		八
pueh8	bueh8		拔
puh	buh		勃茁哱浡窋發爆
puh8	buh8		哹
pui	bui		拔悲闚
pui2	bui2		
pui3	bui3		沸疿痱
pui5	bui5		肥
pui7	bui7		吠	
puih8	buih8		拔
puinn	buinn		方風楓
puinn2	buinn2		反
puinn5	buinn5		旁
puinn7	buinn7		飯
pun	bun		分奔檳	
pun2	bun2		本坋苯畚匾軬
pun3	bun3		坋畚糞	
pun5	bun5		噴歕	
pun7	bun7		体坌笨軬	
put	but		不扒朳抔拂柫撥
put8	but8		鵓
sa	sa		抄沙些柵砂挱捎粆紗挲莎痧搔裟鯊	
sa2	sa2		洒耍要傻灑
sa3	sa3		唦晒嗄曬	
sa7	sa7		
sah	sah		截	
sah8	sah8		渫煠瀹	
sai	sai		司西私師揌犀獅腮篩螄顋鰓籭	
sai2	sai2		史使屎滓駛	
sai3	sai3		使晒殺壻婿塞駛賽曬	
sai5	sai5		饞
sai7	sai7		伺似事侍姒祀寘撒	
sainn	sainn		先
sak	sak		捒速摔撒蔡	
sam	sam		三彡仨杉叁舢衫參釤森摻	
sam2	sam2		啥散摻撒糝
sam3	sam3		三毝俕訕釤散森毿擤鬖	
sam5	sam5		嘇儳纔饞	
sam7	sam7		訕儳	
san	san		山先刪氙姍疝芟星柵珊衫訕跚鉎潸	
san2	san2		丳產傘散剷滻瘦繖鏟羼	
san3	san3		汕疝訕赸傘散線繖霰	
sang	sang		双雙鬆
sang2	sang2		爽搡摤	
sang3	sang3		送惝
sang5	sang5		相像誰
sang7	sang7		同像
sann	sann		三相衫參
sann2	sann2		甚啥
sann3	sann3		閃
sann5	sann5		承喢
sannh	sannh		趿喢	
sap	sap		圾屑趿雪喢歃靸颯霅霎	
sap8	sap8		卅屑唼霅霎	
sat	sat		虱剎殺雪塞煞撒蔡蝨櫛薩鎩
sau	sau		踃嘲鞘颼騷
sau2	sau2		稍
sau3	sau3		哨掃稍旓艄嗽誚鞘
sauh	sauh		(擬音)
saunn7	saunn7		(擬音)
saunnh8	saunnh8		(擬音)
se	se		粞萋裟嘶蔬樨鯊鯋
se2	se2		所洒洗黍傻
se3	se3		勢跩誓說撒噬澨諟諡縩賽灑
se5	se5		侪垂歲腄睡儕	
se7	se7		垂拽旋逝視筮誓墜噬諡謚癠	
seh	seh		攝
seh8	seh8		旋踅褯
senn0	senn9		生
senn	senn		生牲鍟
senn2	senn2		省
senn3	senn3		姓性
si	shi		舒須詩蓍需鳲撕澌蕬螄輸濡鬚鷥纚
si2	shi2		鰓
si3	shi3		誓翨賜薛蟋
si5	shi5		徐時祠匙提塒蜍蒔漦辭鰣	
si7	shi7		敍敘畤豉逝視嗜筮署鈰墅緒蒔誓豎
sia	shia		余些奓畲輋賒	
sia2	shia2		舍甚啥捨寫
sia3	shia3		卸舍削厙甚啥斜赦瀉
sia5	shia5		佘邪斜蛇畬畲	
sia7	shia7		石社柘射榭謝麝
siah	shiah		削嗇錫
siah8	shiah8		勺夕石杓席魡	
siak	shiak		卌削屑捒皙摔漱錫螫爍鑠	
siak8	shiak8		矽俗碩熟錫續贖
siam	shiam		辛苫痁閃覘摻銛憸韱瞻孅纖	
siam2	shiam2		甚剡閃陜陝啥睒巉	
siam3	shiam3		滲	
siam5	shiam5		尋撏禪簷蟾
siam7	shiam7		甚掞暹贍
sian	shian		鮮羴羶鏥鏽躚
sian2	shian2		癬
sian3	shian3		先信扇訕傓搧腺煽綫線獮謆繕騸
sian5	shian5		涎單嬋澶禪蟬
sian7	shian7		癉禪繕蟮蟺鱓鱔
siang	shiang		双相商廂湘湯傷殤箱緗襄觴雙鑲驤
siang2	shiang2		上想賞鯗	
siang3	shiang3		向相惝
siang5	shiang5		庠常祥翔詳像嘗裳誰	
siang7	shiang7		上仩共尚象像	
siann	shiann		聲
siann2	shiann2		什甚啥
siann3	shiann3		圣甚啥聖
siann5	shiann5		成延城涎誠	
siann7	shiann7		盛墭	
siannh	shiannh		啥
siap	shiap		卌泄屟嗇塞葉澁霎澀攝襵	
siap8	shiap8		涉揲攝	
siat	shiat		屧燮薛褻爇躞
siat8	shiat8		舌僁詵碟踅	
siau	shiau		韶銷霄燒蕭魈簫瀟蠨
siau2	shiau2		小少羞痟筱嬲篠謏擻	
siau3	shiau3		嘯數賬鞘
siau5	shiau5		佋苕笑斜詞溲精韶漦	
siau7	shiau7		召佋劭卲邵捎紹	
siaunnh	shiaunnh		(擬音)
siaunnh8	shiaunnh8		(擬音)
sih	shih		洩閃晣晰熄熠錫薛蟋顫鑠	
sih8	shih8		折蝕
sik	shiek	
sik8	shiek8		熟褯鼫
sim0	shim9		啿
sim	shim		心身芯甚參森新葠蔘蕊
sim2	shim2		什伈沈哂甚審諗嬸瀋讅
sim3	shim3		侺啿湛滲趛	
sim5	shim5		忱尋湛煁葚撏潯燖蕈諶蟳鬵鐔鱘
sim7	shim7		侺甚愖滲
sin0	shin9		先
sin	shin		勝新詵鋅燊駪薪騂鯓
sin2	shin2		哂矧蜃蕈
sin3	shin3		囟汛迅顖信訊勝	
sin5	shin5		丞臣辰承宸神晨繩蠅
sin7	shin7		乘脤剩腎順慎蜃賸燼贐
sing	shing		嵩腥鉎僧醒聲鯹
sing2	shing2		冼省眚醒擤	
sing3	shing3		圣姓性勝聖
sing5	shing5		蠅
sing7	shing7		上成承乘晟神恿盛剩勝嵊誠慫賸	
sinn	shinn		生牲茲鉎鍟
sinn2	shinn2		省閃
sinn3	shinn3		姓性扇
sinn5	shinn5		豉塩鹽	
sinn7	shinn7		敊豉塩鮨	
sio	shior		相暖煖熱霄燒蕭
sio2	shior2		小少稍鎖
sio3	shior3		杪鞘
sio5	shior5		仯常	
sio7	shior7		卲邵俗巢
sioh	shiorh		削惜
sioh8	shiorh8		勺芍俗液誚澤蹢鯗	
siok	shiook		遫斣縮謖蹜儵爍驌鑠鷫
siok8	shiook8		俗孰蜀塾熟斣爍藚屬續贖
siong	shiong		襄觴瓖蘘鑲驤
siong2	shiong2		上悚晌竦想嘗賞聳鯗	
siong3	shiong3		相
siong5	shiong5		償嚐
siong7	shiong7		上尚訟象頌像誦橡	
sionn	shioonn		相廂傷想箱襄鑲
sionn2	shioonn2		想賞鯗	
sionn3	shioonn3		肖相
sionn5	shioonn5		常	
sionn7	shioonn7		尚想
sip	ship		失穸湒趇溼澁霎澀濕隰	
sip8	ship8		十什拾習慴熠褶襲鰼
sit	shit		失式室拭息悉媳軾熄蝕薛蟋穡識	
sit8	shit8		襲鰼
siu	shiu		收受修消羞脩搜溲滫蓨饈
siu2	shiu2		手守狩首醜
siu3	shiu3		繡獸鏥鏽
siu5	shiu5		讎
siu7	shiu7		受岫宿巢授袖壽綬褎
siuh8	shiuh8		啁驌
siunn	shiunn		相廂傷箱瓖鑲
siunn2	shiunn2		賞鯗
siunn3	shiunn3		肖相
siunn5	shiunn5		承常瘍	
siunn7	shiunn7		上尚想
sng	sng		閂孫栓桑喪痠傷酸霜孀	
sng2	sng2		耍爽傸損搡榫嘻
sng3	sng3		嗅筭算蒜	
sng5	sng5		床牀旋甑
sng7	sng7		相
sngh	sngh		嗅歙	
sngh8	sngh8		蹭
so	sor		趖瘙艘繅臊鎪餿鮻繰騷
so2	sor2		嗩嫂瑣鎖
so3	sor3		埽掃噪燥躁	
so5	sor5		脞趖	
so7	sor7		唆
soh	sorh		索嗍嗽鎍	
soh8	sorh8		釧鋉鐲
sok	sook		蒴觫數蔌鋉簌縮
sok8	sook8		槊
som	soom		穼參森
som5	soom5		倯
som7	soom7		
song	song		双桑參喪塽霜雙鬆孀礵鷞
song2	song2		悚爽竦嗓搡摤慫磉顙鷞	
song3	song3		宋俕送喪	
song5	song5		松倯傖
song7	song7		蹌
soo	soo		鎪颼蘇囌
soo2	soo2		所叟嗖嫂廋嗾漱潄瘦瞍艘擻藪颼籔
soo3	soo3		泝素疏訴嗉塑愫溯嗽嗾愬漱膆數瘶	
soo5	soo5		黢
sop8	soop8		歃	
su0	su9		思
su	su		螄輸濡鍶藇軀顋颸繻鰓襲鑐鬚鷥鱮
su2	su2		曙璽
su3	su3		嗻澍賜駟樹麈謶颸
su5	su5		殳徐殊祠詞嗣蜍銖辭
su7	su7		殊涘敘耜竢嗣竪署裋飼墅緒豎樹嶼
sua	sua		沙刷施砂痧零魦鯊灑
sua2	sua2		洒耍要徙漱灑	
sua3	sua3		世些勢煞遂撒續纚
sua7	sua7		逝速
suah	suah		刷息殺煞撒	
suah8	suah8		瞬
suainn	suainn		山
suainn5	suainn5		傖檨	
suainn7	suainn7		檨
suainnh	suainnh		
suainnh8	suainnh8		
suan	suan		痠暄瑄萱遄酸諠諼鰚
suan2	suan2		拶桚僎撰篹踹選	
suan3	suan3		涮渲筭算蒜潠篹繏	
suan5	suan5		旋船漩璇還璿鏇	
suan7	suan7		訕渲羨漩銓璇踹檨璿鏇鑽	
suann	suann		山汕
suann2	suann2		產散
suann3	suann3		汕傘散腺綫線繖
suat	suat		刷率雪說鱈	
suat8	suat8		唰踅	
sue	sue		梳衰疏棲疎榱蓑蔬簑縗
sue2	sue2		洗黍	
sue3	sue3		小甩帥帨細晬稅歲說穢
sue5	sue5		垂睡
sue7	sue7		垂	
sueh	sueh		揳塞楔說
suh	suh		吸欶速嗍嗽	
suh8	suh8		士思豎
sui	sui		浽祟衰荽睢綏蓑嘴簑蕤雖鏙	
sui2	sui2		水美鬌髓	
sui3	sui3		戌戍帥祟淬睟碎睡粹誶邃
sui5	sui5		垂倕圌脽陲隋棰葚箠誰隨錘
sui7	sui7		戌戍祟瑞罪遂睡隧燧穗繐襚	
suinn	suinn		孫栓痠算酸	
suinn2	suinn2		水耍損戲
suinn3	suinn3		算繏
suinnh	suinnh		嗅
sun	sun		孫飧搎猻蓀
sun2	sun2		吮恂笋筍損榫戰簨	
sun3	sun3		迅孫巽舜順遜噀潠瞬
sun5	sun5		循焞詢馴蒓蓴醇錞鶉
sun7	sun7		殉循順
sut	sut		蔌糏瞬蟀	
sut8	sut8		朮沭述秫唰術訹鉥噊譎	
ta	da		丈大姑奓枯凋乾焦潐礁	
ta2	da2		那底哪	
ta3	da3		吒奓帳嗟罩踔	
ta5	da5		奈茶焦搽燋
ta7	da7		大代奈
tah	dah		勺打呾答貼搨搭撘瘩	
tah8	dah8		值踏	
tai	dai		呆秪獃嬯懛	
tai2	dai2		歹歺炱滓	
tai3	dai3		帶蒂載遞戴螮襶
tai5	dai5		台坮奈抬炱炲埋跆臺駘儓檯薹	
tai7	dai7		貸逮瑇載戴黛靆
tainn2	dainn2		大歹刐咍宰短斷	
tainn3	dainn3		店
tainn5	dainn5		還
tainn7	dainn7		佃奠	
tak	dak		豛喌綴諑篤斵觸	
tak8	dak8		毒逐碡濁獨篤鱁黷	
tam	dam		坍担眈耽啖聃舑躭酖湛嘗儋擔	
tam2	dam2		丼胆紞偡啖啗萏窞噉膽	
tam3	dam3		丼店担站淡頕儋擔	
tam5	dam5		倓淡淫郯湛痰潭談澹蕁錟餤譚	
tam7	dam7		倓啖啗惔淡氮琰菼萏賧醈憺澹禫	
tan	dan		丹釘單登鄲噸殫癉禪簞襌
tan2	dan2		刐疸等	
tan3	dan3		旦但呾疸釘掞蛋僤誕癉擲	
tan5	dan5		亭陳填鳴彈撣檀	
tan7	dan7		但蛋袒蜑彈憚撣誕	
tang	dang		中冬咚東苳棠菄當噹璫鐺	
tang2	dang2		担陡滓當董擔懂黨
tang3	dang3		倲凍眮棟當儅檔	
tang5	dang5		同桐茼棠童筒筩銅	
tang7	dang7		洞重動	
tann	dann		丁中今旦担當儋擔瞻	
tann2	dann2		打抌侹挺疸笪掌膽
tann3	dann3		呾担訂說談擔檐
tann5	dann5		重熑誔彈	
tann7	dann7		掞掟淡惰覃誔誩擲	
tap	dap		耷荅傝答嗒搭瘩褡鎝	
tap8	dap8		沓喋嗒遝踏嚃蹋	
tat	dat		妲笪靼噠
tat8	dat8		值涬笛笪達薘鐽
tau	dau		兜逗嘲	
tau2	dau2		斗抖肚枓倒島捯
tau3	dau3		午到鬥晝淖鬦罩跳踔龎
tau5	dau5		投脰骰
tau7	dau7		豆脰荳逗渡痘讀
tauh	dauh		罩篤	
tauh8	dauh8		沓逐瀆	
te	de		氐低柢炱牴爹羝袛堤觝隄	
te2	de2		底抵邸垛柢短貯鮓	
te3	de3		碲綴蝃締蔕褅諦戴螮蹛
te5	de5		炱茶荑偍稊搽綈禔緹踶蹄題
te7	de7		棣睇滯禘遞遰銻踶
teh	deh		在啄惙掇硩壓簀	
teh8	deh8		在地汐窄舴處奪	
tenn	denn		侂瞠	
tenn2	denn2		打
tenn3	denn3		盯佯侂瞪	
tenn5	denn5		挰桯
tenn7	denn7		抦挰掟桯鄭擲
tennh8	dennh8		擲
tha	ta		他她
tha3	ta3		奼侘咤奓姹挓蛇詫踔	
thah	tah		汰盍豈塌塔搭榻踢噠躂鰨	
thah8	tah8		沓匒疊
thai	tai		台抬治邰炱炲胎苔颱駘篩鮐擡檯	
thai2	tai2		忕呔豈態癩	
thai3	tai3		太汏呔汰泰鈦態	
thai5	tai5		夷刣治邰殺臺	
thai7	tai7		待態駘癩
thainn3	tainn3		腆
thainn7	tainn7		挺梃
thak	tak		斥剔	
thak8	tak8		讀
tham	tam		呫探貪撢
tham2	tam2		忐毯菼	
tham3	tam3		探撢
tham5	tam5		覃痰墰撢潭曇檀罈蟫壜
tham7	tam7		窞撢	
than	tan		嘽蟶攤灘癱
than2	tan2		坦妲侹挺疸袒毯趂亶綻靼癉	
than3	tan3		炭湠趁趂嘆碳歎
than5	tan5		彈談壇檀
thang	tang		可囪桐窓通窗熥窻	
thang2	tang2		桶統
thang3	tang3		疼迵透通痛	
thang5	tang5		虫桐童筒蟫蟲	
thang7	tang7		弄動笭筩	
thann	tann		他
thann2	tann2		托坦侹挺掌撐
thann7	tann7		娗飭飾靘靚
thap	tap		凹傝塌塔搨榻漯遢錔嚃濌蹋闒鞳鰨	
that	tat		汏怛羍剔窒塞榻踢撻獺躂闥韃	
that8	tat8		羍塞	
thau	tau		偷
thau2	tau2		透敨解	
thau3	tau3		套透
thau5	tau5		調頭
thau7	tau7		毒頭
thauh8	tauh8		沓
the	te		胎苔推梯釵牚撐	
the2	te2		体醍體
the3	te3		髢剃涕退啻替禘裼薙	
the5	te5		鵜騠鶗
the7	te7		蚱啻傫摕鮓儽	
theh	teh		提貼徹澈裼遞擇	
theh8	teh8		宅挓提摕遞擇	
thenn	tenn		牚撐	
thenn3	tenn3		挺牚撐
thenn5	tenn5		挰程瞪騰
thi	ti		攄魑黐
thi2	ti2		宁佇抒杵杼苧展恥竚紵貯搋褚褫
thi3	ti3		剃翅跮滯疐褫嚏懥薙懘懫	
thi5	ti5		苔啼耡雉鋤
thi7	ti7		雉
thiah	tiah		拆柝
thiak	tiak		畜搉	
thiam	tiam		呫添
thiam2	tiam2		忝殄悿舔銛餂諂	
thiam3	tiam3		忝栝悿掭	
thiam5	tiam5		恬菾
thiam7	tiam7		沉湛	
thian	tian		天吞迗顛	
thian2	tian2		殄展捵腆搌痶覥蕆囅
thian3	tian3		掭瑱
thian5	tian5		田嗔填瘨謄闐癲
thiang3	tiang3		鬯暢
thiann	tiann		聽廳
thiann2	tiann2		奵艼
thiann3	tiann3		忝疼悿痛聽	
thiann5	tiann5		程
thiann7	tiann7		支定重撐	
thiap	tiap		呫帖貼跕
thiap8	tiap8		疊	
thiat	tiat		佚怢哲硩鉄僣徹撤澈銕餮躂鐵驖
thiau	tiau		刁佻弨怊恌挑迢祒祧超蓧
thiau2	tiau2		叼挑朓掉窕誂
thiau3	tiau3		脁眺覜趒跳頫糶
thiau5	tiau5		特條鮡鰷	
thiau7	tiau7		柱祧	
thih	tih		剃鐵
thih8	tih8		怢昳粚喋諜黐
thik	tiek		惕敕逖逷飭跮逿裼頔慝踢遫趯
thik8	tiek8		宅
thim	tim		郴琛鴆
thim2	tim2		
thim3	tim3		侺疢揕鈂頓鴆闖	
thim5	tim5		瘎	
thim7	tim7		沉
thin	tin		湯
thin3	tin3		疢趁趂齔
thin5	tin5		滕	
thin7	tin7		陣媵	
thing	ting		汀桯牚撐橕瞠鐺聽廳	
thing2	ting2		裎鋌鞓頲騁寵
thing3	ting3		听庭挺疼牚痛撐鐙聽
thing5	ting5		呈廷亭枰疼停程媵蜓裎縢謄騰	
thing7	ting7		挺
thinn	tinn		天添牚撐
thinn2	tinn2		挺捵
thinn3	tinn3		梃牚撐撑
thinn5	tinn5		挰瞪騰
thinn7	tinn7		紩袒綻緻	
thio	tior		挑莜蓧
thio3	tior3		漂糶
thio5	tior5		投挑跳頭
thiok	tiook		斥畜搐蓄
thiok8	tiook8		搐
thiong	tiong		盅翀衷
thiong2	tiong2		冢塚寵	
thiong3	tiong3		鬯悵暢賬
thiong5	tiong5		虫种倀蟲爞
thit	tit		彳佚怢抶勅勑敕飭遫	
thit8	tit8		抶直	
thiu	tiu		妯抽紬瘳
thiu2	tiu2		丑杻
thiu3	tiu3		擇
thiunn2	tiunn2		丑
thng	tng		湯
thng3	tng3		兌脫湯燙褪	
thng5	tng5		傳腸團糖醣
thng7	tng7		杖炖段湯搪煅舓熥燙檔盪	
tho	tor		縚韜饕
tho2	tor2		可妥討媠撱橢
tho3	tor3		妥套庹透唾毻	
tho5	tor5		亍佗迌洮迱桃詑祹裪	
thoh	torh		拓倒魠頭	
thoh8	torh8		踱	
thok	took		斥托拓柝套託庹飥槖魠魄橐蘀籜	
thok8	took8		牘讀黷
thom	toom		丼
thom5	toom5		丼
thom7	toom7		沈
thong	tong		丼恫痌通湯熥膛蹚鼕鏜鼞	
thong2	tong2		戃矘钂
thong3	tong3		痛暢盪
thong5	tong5		糖餳
thong7	tong7		宕挏重幢蕩盪
thoo	too		偷
thoo2	too2		土吐釷敨黈	
thoo3	too3		付吐兎兔咅度堍透唾渡菟禪
thoo5	too5		土圡泥桃涂塗頭
thoo7	too7		渡
thu	tu		株摴樗攄
thu2	tu2		土佇抒杵杼苧竚紵貯褚
thu5	tu5		跓耡鉏鋤儲躇躕
thu7	tu7		筋筯箸	
thua	tua		拖
thua3	tua3		泰
thua5	tua5		汰
thua7	tua7		汰豸涗導	
thuah	tuah		汏汰挩涗屜脫獺躂鰈	
thuan	tuan		湍貒
thuan2	tuan2		瘓踹疃
thuan3	tuan3		彖煅煆碫碬篆踹鍛	
thuan5	tuan5		傳椽瑑團慱摶縳糰鱄	
thuan7	tuan7		篆
thuann	tuann		攤灘癱
thuann2	tuann2		担剷	
thuann3	tuann3		炭泰脫袒湠覃綻澶
thuann5	tuann5		傳攤
thuat	tuat		挩梲脫	
thue	tue		推釵焞	
thue2	tue2		體
thue3	tue3		退替毻蛻煺螁	
thue5	tue5		痥
thue7	tue7		傫儽	
thueh	tueh		替
thueh8	tueh8		挓提摕	
thuh	tuh		托禿拓突套挩梲魠	
thuh8	tuh8		吶揬詘戇	
thui	tui		推梯笞焞煺	
thui2	tui2		俀腿骽蹆	
thui3	tui3		兌退脫唾替毻蛻	
thui5	tui5		椎槌錘鎚	
thui7	tui7		倕累傫膇墜縋儽
thuinn3	tuinn3		毤褪
thuinn5	tuinn5		傳塠
thuinn7	tuinn7		燙檔	
thun	tun		吞杶炖芚涒焞椿暾燉黗鶉	
thun2	tun2		汆畛跈腯畽踐黗疃蹍蠢	
thun3	tun3		忳飩褪	
thun5	tun5		豚鈍黗
thun7	tun7		坉填墊	
thut	tut		禿怵捸絀脫詘腯黜鵚	
thut8	tut8		禿突捸脫黜殰	
ti	di		知姝邾株秪袛椥猪隄誅蜘豬	
ti2	di2		軧徵骶
ti3	di3		觶
ti5	di5		除乿蚳滁鉏馳箎墀誰踟鋤篨篪遲儲
ti7	di7		乿偫畤痔彘棣筋滍稚筯雉滯箸遞薙	
tia	dia		爹
tia2	dia2		嗲	
tia3	dia3		
tia7	dia7		哋
tiah	diah		摘
tiah8	diah8		滌擇澤糴
tiak	diak		竹剔摘彈噣擿	
tiak8	diak8		着逐著	
tiam	diam		坫沾敁枮玷砧站掂揕椹鉆碪霑	
tiam2	diam2		煔點
tiam3	diam3		占坫店阽扂玷站惦覘殿墊踮
tiam5	diam5		沈沉恬甜奩餂
tiam7	diam7		恬扂倓站啖惦湉墊憺簟	
tian	dian		傎滇蹎顛巔癲
tian2	dian2		典展搌碘蹍輾
tian3	dian3		殿	
tian5	dian5		田佃畋填滇鈿廛瀍纏躔	
tian7	dian7		田佃甸奠殿鈿電墊橂澱靛
tiang	diang		冬張當璫
tiang2	diang2		仗長
tiang3	diang3		帳悵脹漲瘬
tiang5	diang5		長場萇腸
tiang7	diang7		丈仗杖長
tiann	diann		朾傎椗碇顛	
tiann2	diann2		頂鼎鐤
tiann3	diann3		矴定椗碇
tiann5	diann5		呈埕庭程
tiann7	diann7		定碇錠靛
tiap	diap		摺輒輙霎	
tiap8	diap8		疊
tiat	diat		佚哲喆臷
tiat8	diat8		徹輒轍
tiau	diau		鯛鵰
tiau2	diau2		佻屌鳥	
tiau3	diau3		刁弔召伄吊掉釣調窵	
tiau5	diau5		稠趒滌蜩嘲寮廟潮蓧調髫鯈櫥齠
tiau7	diau7		召兆晁掉旐肇趙銚調鼂	
tiauh8	diauh8		沓
tih	dih		在嘀滴擿	
tih8	dih8		在挃值笛碟
tik	diek		謫蹢鏑讁
tik8	diek8		澤擢蟄擲蹢糴躑
tim	dim		沉砧揕鬽碪鴆	
tim2	dim2		丼戡
tim3	dim3		抌沈揕鈂頓鴆擲	
tim5	dim5		沈沉	
tim7	dim7		朕眹煁鴆燂燖	
tin	din		玎垂津珍徵
tin2	din2		展振頂震轉
tin3	din3		陣陳鎮
tin5	din5		陳塵澂澄蔯藤籐
tin7	din7		陣陳
ting	ding		磴簦蹬癥
ting2	ding2		町典虰酊頂等戥鼎嵿
ting3	ding3		嶝鄭瞠磴擲鐙
ting5	ding5		裎酲滕澂澄霆橙縢諪瞪謄懲藤籐
ting7	ding7		壂橂錠蹬
tinn	dinn		珍掂甜靪睜瞠	
tinn2	dinn2		挺
tinn3	dinn3		盯佯侂殿瞪	
tinn5	dinn5		挃值挰桯鈿纏
tinn7	dinn7		沺洔挰掟桯淀填滇滿漲鄭擲闐
tinnh8	dinnh8		挃要
tio0	dior9		着著
tio	dior		都
tio2	dior2		斗
tio3	dior3		吊釣
tio5	dior5		投長趒跳趙潮
tio7	dior7		兆迪掉稠趙銚嚉讀	
tioh	diorh		拕挓掇着著搐擢	
tioh8	diorh8		着著
tiok	diook		竹竺筑築斸
tiok8	diook8		妯柚迪舳逐筑著軸蓫篴	
tiong	diong		中忠衷張
tiong2	diong2		長塚
tiong3	diong3		中帳悵涱脹漲賬
tiong5	diong5		長重場萇腸
tiong7	diong7		丈仗仲杖重揰
tionn	dioonn		張
tionn2	dioonn2		長
tionn3	dioonn3		帳脹痮漲
tionn5	dioonn5		場
tionn7	dioonn7		丈
tip8	dip8		蟄
tit	dit		哲得
tit8	dit8		侄直姪值秩蟄
tiu	diu		丟銩	
tiu2	diu2		肘
tiu3	diu3		咮晝裯
tiu5	diu5		惆淘紬稠綢裯儔縢幬懤鯈疇籌躊
tiu7	diu7		住宙冑紂胄酎晝粙逗稩稻繇籀	
tiuh	diuh		抽拕搐	
tiunn	diunn		張
tiunn2	diunn2		長
tiunn3	diunn3		帳脹漲
tiunn5	diunn5		場
tiunn7	diunn7		丈
tng	dng		張當
tng2	dng2		返涱漲斷轉
tng3	dng3		當頓燙	
tng5	dng5		長段唐堂童傳剸塘腸騰
tng7	dng7		丈搪當撞擋燙蕩檔盪斷	
to0	dor9		倒
to	dor		刀忉多氘灺釖都魛裯
to2	dor2		跺躲鍺壔幬擣檮禱鬌
to3	dor3		到垛倒癉
to5	dor5		啕庹掏淘紽袉陶萄跎酡跳鉈馱裪駝
to7	dor7		纛
toh	dorh		卓倬桌啄棹
toh8	dorh8		焯擇	
tok	dook		琢督硺酷斲諑噣篤斵
tok8	dook8		襗躅鐲鐸覿讀髑纛黷讟
tom	doom		丼
tom2	doom2		鼕
tom3	doom3		頓鼕	
tom5	doom5		丼
tong	dong		璫鼕簹襠鶇鐺
tong2	dong2		党董懂黨讜	
tong3	dong3		侗倲凍棟當慟蝀儅潼擋檔譡戇	
tong5	dong5		磄曈朣犝瞠膧螗盪瞳穜罿螳赯醣餳
tong7	dong7		撞蕩盪攩
too	doo		多都闍
too2	doo2		斗抖肚枓島蚪陡堵鬦楮睹褚覩賭	
too3	doo3		妒妬鬪柘鬥鬦斁蠹鬬	
too5	doo5		余投徒涂屠荼途菟塗瘏圖酴骰廚駼
too7	doo7		讀
top	doop		喥	
top8	doop8		
tsa	tza		丈拕咱挓柤查渣楂遮皻齇	
tsa2	tza2		早蚤
tsa3	tza3		鮓醡
tsa5	tza5		槎
tsa7	tza7		乍昨
tsah	tzah		扎抸紥紮閘鍤
tsah8	tzah8		卡昨柵炸族閘截鍘	
tsai	tzai		才災灾知哉栽烖崽菑睵齊儕擠齋
tsai2	tzai2		怎指宰趾崽滓載	
tsai3	tzai3		再在哉債載	
tsai5	tzai5		才材財裁儕臍
tsai7	tzai7		在豸怎廌載	
tsainn	tzainn		知指
tsainn2	tzainn2		怎指宰笫崽滓載縡
tsainn5	tzainn5		前
tsak	tzak		促捉齪
tsak8	tzak8		族嗾擉濁濺
tsam	tzam		尖沾針喒噆簪臢	
tsam2	tzam2		斬嶄	
tsam3	tzam3		站蹔蘸	
tsam5	tzam5		慚巉讒
tsam7	tzam7		站斬塹嶄暫槧賺劖鏨巉	
tsan	tzan		曾層踵罾繒	
tsan2	tzan2		喒琖盞儹攢讚趲	
tsan3	tzan3		饡
tsan5	tzan5		前殘層甑	
tsan7	tzan7		助棧贈贊
tsang	tzang		棕綜艐騌鬃騣鯼髒	
tsang2	tzang2		揔摠總鬃	
tsang3	tzang3		壯粽綜髒	
tsang5	tzang5		掙叢藏欉	
tsann2	tzann2		斬剸整
tsann3	tzann3		旵抯炸摣蘸	
tsann5	tzann5		攙	
tsann7	tzann7		抯拃摣鍘	
tsannh	tzannh		閘齟
tsannh8	tzannh8		鍘
tsap	tzap		帀匝札汁浹唼劄	
tsap8	tzap8		十什拾嘖襍雜	
tsat	tzat		扎匝札咂砸唼啐紮節賊劄	
tsat8	tzat8		宱寂窒寔塞實質鰂	
tsau	tzau		抓笊焦燋糟蹧	
tsau2	tzau2		爪早走姐笊蚤	
tsau3	tzau3		灶奏櫂躁竈
tsau5	tzau5		巢剿勦褿	
tsau7	tzau7		找棹櫂	
tsauh	tzauh		抯寂
tsauh8	tzauh8		哳數雜譙
tsaunn2	tzaunn2		(怎樣)
tse0	tze9		
tse	tze		樝遮儕劑嚌擠隮齋臍薺癠穧躋齎虀
tse2	tze2		姉姊姐泲啐這鮓擠濟癠鱭	
tse3	tze3		際齊劑瘵穄嚌擠濟簀縩贅穧霽鰶
tse5	tze5		齊臍癠蠐
tse7	tze7		濟穧
tseh	tzeh		仄拭雀睫節撮簀績癤	
tseh8	tzeh8		啐絕截	
tsenn	tzenn		爭晶
tsenn2	tzenn2		井
tsenn3	tzenn3		爭諍
tsenn5	tzenn5		晴
tsenn7	tzenn7		靜
tsh	tzh		咋嘖	
tsha	tsa		叉扠汊岔杈衩差釵嗏蹉
tsha2	tsa2		吵炒焣煼	
tsha3	tsa3		吒吵侘咤衩鈔詫瘥
tsha5	tsa5		材查柴茈茶槎碴
tsha7	tsa7		吵喳嘈
tshah	tsah		臿喢插鍤	
tshah8	tsah8		
tshai	tsai		杈差偲啋猜釵
tshai2	tsai2		采寀彩採睬跴綵踩
tshai3	tsai3		埰菜瘥蔡縩蠆
tshai5	tsai5		才材柴豺財祡裁儕纔
tshai7	tsai7		在祀倳	
tshainn	tsainn		千悽
tshainn2	tsainn2		采彩採睬
tshainn3	tsainn3		襯
tshainn5	tsainn5		蠶
tshak	tsak		察漆擉簇
tshak8	tsak8		簎鑿
tsham	tsam		參摻攙鑱
tsham2	tsam2		朁慘憯磣黲
tsham3	tsam3		塹槧懺襯讖
tsham5	tsam5		饞
tsham7	tsam7		潸
tshan	tsan		千呻孱潺親餐	
tshan2	tsan2		剗筅鏟羼驏
tshan3	tsan3		粲綻燦璨襯
tshan5	tsan5		田埩殘塍蜻蠶
tshang	tsang		怱穿娼清葱蒼瘡蔥聰	
tshang2	tsang2		冗惚鬉
tshang3	tsang3		敞聳藏	
tshang5	tsang5		漴	
tshann2	tsann2		吵整
tshann3	tsann3		錚	
tshann7	tsann7		錚	
tshap	tsap		扱臿眨偛喢插歃鍤	
tshap8	tsap8		眨喢	
tshat	tsat		刷剎軸察漆嚓擦礤
tshat8	tsat8		賊
tshau	tsau		吵抄鈔剿勦搊噪操繅臊謅繰
tshau2	tsau2		吵炒草訬稍楚煼謅	
tshau3	tsau3		笊臭湊鈔
tshau5	tsau5		移揪愁
tshau7	tsau7		嘈
tshauh	tsauh		眨
tshauh8	tsauh8		沓喢噪
tshe	tse		釵棲萋龡鑱
tshe2	tse2		仛此扯泚眦紪撦髓
tshe3	tse3		摖瘥膬擦
tshe5	tse5		查棰箠	
tshe7	tse7		尺坐泚尋嚌	
tsheh	tseh		冊柵唶啜戚廁惻掣策慽嘬慼撮歠	
tsheh8	tseh8		唶	
tshenn	tsenn		生青星圊清菁腥親鮮
tshenn2	tsenn2		醒濪
tshenn3	tsenn3		腥
tshenn5	tsenn5		鑱
tshenn7	tsenn7		錚鑱
tshi	chi		嗤媸嵯痴睢腮雎雌鴟趨蹉雛顋颸癡
tshi2	chi2		此侈取杵恥耻處誃鼠齒	
tshi3	chi3		試翨趣熾磜覷
tshi5	chi5		伹持洳徐	
tshi7	chi7		市娶飼蹉	
tshia	chia		吒車穿捙奢硨譇
tshia2	chia2		且灺赤哆炨偖
tshia3	chia3		笡	
tshia5	chia5		斜
tshiah	chiah		赤刺側雀赭鍤
tshiah8	chiah8		杓斜	
tshiak	chiak		辵斫雀皵碏綽踔鵲觸
tshiak8	chiak8		摵踔觸	
tshiam	chiam		尖參笘釺僉幨憸簽襜殲鐱籤纖	
tshiam2	chiam2		丳槧鋟鐕鑯	
tshiam3	chiam3		釤僣僭鑯	
tshiam5	chiam5		棎澘鑯鑱	
tshian	chian		千仟扦阡芊遷燀褼櫏躚韆	
tshian2	chian2		倘剪淺棧諓殫錢闡儻	
tshian3	chian3		刊刋倩栫茜蒨	
tshian5	chian5		田延腸儃嘽諓遷讓	
tshiang	chiang		昌倀倡娼將猖菖槍瑲閶蹌鎗鏘鯧
tshiang2	chiang2		冗宂昶倘敞傸搶僘廠慫趟氅蹌儻
tshiang3	chiang3		昶倡唱淌蹌
tshiang5	chiang5		薔颺瀼
tshiang7	chiang7		冲匠淌像衝趟
tshiann	chiann		清笡纖	
tshiann2	chiann2		且請
tshiann3	chiann3		倩赾
tshiann5	chiann5		成
tshiap	chiap		妾窃眨偛唼啑椄踥霎竊
tshiat	chiat		切沏跕	
tshiat8	chiat8		跕	
tshiau	chiau		抄怊超搜摶摷摻幧操鍫鍬
tshiau2	chiau2		悄眧愀稍
tshiau3	chiau3		俏咲哨笑偢愀嘯歗鞘	
tshiau5	chiau5		移揪綃撨矯鍫鍬	
tshiau7	chiau7		誚
tshiauh	chiauh		眧踥	
tshiauh8	chiauh8		踥踿	
tshih	chih		砌閃	
tshih8	chih8		扼壓蠽	
tshik	chiek		廁惻斮測策粟嘁慽漆慼膝蹙鵲觸顣
tshik8	chiek8		俶摵踔趩蹙蹠	
tshim	chim		侵枮參深綅駸
tshim2	chim2		侵寑寢鋟踸纔	
tshim3	chim3		沁譖贜	
tshim5	chim5		涔尋鑱
tshin	chin		千皴新瞋親
tshin2	chin2		吲淺齔
tshin3	chin3		凊秤清稱濪齔儭櫬襯	
tshin5	chin5		陳
tshing	ching		鯖鶄
tshing2	ching2		惝掅逞筅睛箲請	
tshing3	ching3		擤襯
tshing5	ching5		松倀常傖榕趟橙蠶	
tshing7	ching7		穿掁頌墭撐襯	
tshinn	chinn		生青星胜圊悽淒清菁睛腥親鮮蘚	
tshinn2	chinn2		淺醒濪
tshinn3	chinn3		刺搢腥靚	
tshinn5	chinn5		趟瞪瀳
tshinn7	chinn7		栻
tshinnh	chinnh		
tshio	chior		秋哨峭湫嫧霄	
tshio3	chior3		俏笑唱	
tshio5	chior5		蟯
tshio7	chior7		灼照耀
tshioh	chiorh		尺呎哧迹婥焟跡奭臅螫蹟	
tshioh8	chiorh8		席蓆
tshiok	chiook		綽蜡數槭趣踔踧篧斶臅蹙蹴鵲灂觸
tshiok8	chiook8		促浞淖摶踿	
tshiong	chiong		槍瑲憃憧樅蓯衝閶縱蹌蹡鎗鏘鏦鯧
tshiong2	chiong2		昶倡悚淌敞竦搶廠慫氅
tshiong3	chiong3		倡唱從揰嗆愴銃衝縱蹌	
tshiong5	chiong5		戕腸墻嬙檣牆薔蹖
tshiong7	chiong7		匠穿
tshionn	chioonn		猖菖像槍鎗鯧
tshionn2	chioonn2		搶廠
tshionn3	chioonn3		唱
tshionn5	chioonn5		揚牆薔颺
tshionn7	chioonn7		上匠汲相畜象傭像鞝
tship	chip		蕺
tshit	chit		七彳叱拭柒漆	
tshiu	chiu		鰍鶖鑐鬚犫
tshiu2	chiu2		手取帚首偢瞅醜贖
tshiu3	chiu3		臭偢甃皺	
tshiu5	chiu5		仇囚售揪愁揫詶酬
tshiu7	chiu7		楊樹
tshiunn	chiunn		昌象像槍鎗鯧
tshiunn2	chiunn2		取惝搶廠
tshiunn3	chiunn3		唱啾嗆	
tshiunn5	chiunn5		牆薔
tshiunn7	chiunn7		上匠畜象像橡
tshng	tsng		川伸村邨穿倉栓傖滄瘡艙
tshng2	tsng2		擤	
tshng3	tsng3		寸串穿嗆竄	
tshng5	tsng5		床牀
tshngh	tsngh		啜嗅嗆
tshngh8	tsngh8		啜
tsho	tsor		嵯搓瑳磋操臊蹉鯹鹺	
tsho2	tsor2		艸草楚懆騲	
tsho3	tsor3		蹉譟
tsho5	tsor5		瘥	
tshoh	tsorh		諎	
tshok	tsook		昔剒厝撮蔟錯簇戳觸齪
tshok8	tsook8		鑿
tshong	tsong		瑲蒼瘡蔥憽窻艙聰鏦驄鶬
tshong2	tsong2		倉愴
tshong3	tsong3		刱創愴闖	
tshong5	tsong5		床戕牀潀樷叢欉	
tshoo	tsoo		初粗觕麄蹉麤	
tshoo2	tsoo2		草楚憷濋礎齱
tshoo3	tsoo3		阼厝祚措酢蜡醋錯	
tshop	tsoop		戳
tshu	tsu		姝穿苴蛆舒菹趄跙趑跐雎雌樞趨雛
tshu2	tsu2		鮆
tshu3	tsu3		次佽狙厝蚝娶處蛓趣覰覷
tshu5	tsu5		玼茈疵眦訾雌雛
tshu7	tsu7		泚娶焠跙嗾蹉覷覻	
tshua	tsua		撾髽
tshua2	tsua2		草繟
tshua3	tsua3		取娶蔡	
tshua5	tsua5		蛇檛
tshua7	tsua7		曳取抴拽娶導	
tshuah	tsuah		
tshuah8	tsuah8		斜	
tshuai7	tsuai7		顡
tshuan	tsuan		醛顓攛鐫躥
tshuan2	tsuan2		舛喘歂闖
tshuan3	tsuan3		舛串玔穿釧奧慣鋛篡篹竄闖纂爨
tshuan5	tsuan5		全拴舡船遄攢
tshuang	tsuang		穿裝
tshuang3	tsuang3		壯闖	
tshuang7	tsuang7		闖
tshuann	tsuann		閂	
tshuann2	tsuann2		杊剗鏟癬	
tshuann3	tsuann3		串穿閂燦竄闖	
tshuann5	tsuann5		穿撮橫
tshuann7	tsuann7		鱓	
tshuat	tsuat		啜敪撮輟蕞繓襊歠	
tshue	tsue		吹初妻炊
tshue2	tsue2		揣膸髓
tshue3	tsue3		切刷粞摖
tshue5	tsue5		捶跙摧箠	
tshue7	tsue7		尋	
tshueh	tsueh		切慽慼歠	
tshuh	tsuh		淬焠趨覰
tshui	tsui		吹炊崔推催摧蓷龡
tshui2	tsui2		惴揣遄漼璀髓
tshui3	tsui3		膬噿
tshui5	tsui5		摧箠
tshuinn	tsuinn		川村穿栓
tshuinn2	tsuinn2		
tshuinn3	tsuinn3		串穿釧	
tshun	tsun		伸村邨杶春偆剩萅椿鶉
tshun2	tsun2		忖舛荈偆喘賰踳蠢	
tshun3	tsun3		寸吋舛
tshun5	tsun5		存僎僔	
tshun7	tsun7		捘僔	
tshut	tsut		出卒齣	
tsi	ji		徐玆祗脂茲衹梔訾諸鳷
tsi2	ji2		姐拄芷呰咫恉指枳祉籽砥秭紙渚笫
tsi3	ji3		漬製誌幟摯質薦織贄觶識礩騺躓鑄
tsi5	ji5		糍餈薯薺糬藷鶿蠩
tsi7	ji7		巳住是柱炷祖舐埾跓聚駐	
tsia	jia		此者兹玆罝茲這菹嗟諸遮鎵	
tsia2	jia2		姐者媎赭鍺
tsia3	jia3		炙者柘借唶跡摭漈樜蔗褯藉鷓
tsia5	jia5		誰遮	
tsia7	jia7		炸褯謝藉
tsiah	jiah		即炙者則呰借脊迹隻這睫跡	
tsiah8	jiah8		吃炙食喫嚼籍	
tsiak	jiak		勺妁杓灼芍斫唧酌適櫛爵繳嚼爝
tsiak8	jiak8		咋着著灂	
tsiam	jiam		瀸譫櫼
tsiam2	jiam2		枕柟颭
tsiam3	jiam3		占佔僣譖
tsiam5	jiam5		潛潜燖
tsiam7	jiam7		漸暫賺	
tsian	jian		鱣鸇
tsian2	jian2		剪棧戩翦踐錢餞蟫謭鬋譾
tsian3	jian3		洊牮荐湔箭賤戰餞薦濺顫
tsian5	jian5		前媊湔錢
tsian7	jian7		賤踐餞濺鏇	
tsiang	jiang		鱆
tsiang2	jiang2		仉長掌槳獎蔣賬
tsiang3	jiang3		將嶂幛障賬瘴醬
tsiang7	jiang7		負襁	
tsiann	jiann		正赤腈精
tsiann2	jiann2		淡啙飷整	
tsiann3	jiann3		正
tsiann5	jiann5		成情誠
tsiann7	jiann7		正淨
tsiap	jiap		汁浹眨啑捷接椄睫襵	
tsiap8	jiap8		十倢婕崨捷睫截
tsiat	jiat		櫛癤
tsiat8	jiat8		婕捷睫蜇截箑誱蠽	
tsiau	jiau		鐎鷦
tsiau2	jiau2		爪姊姐沼屌鳥剿屪
tsiau3	jiau3		炤詔照僬曌醮釂
tsiau5	jiau5		顦劁齊憔撨樵瞧礁褿譙醮鐎鷦	
tsiau7	jiau7		噍醮
tsiauh	jiauh		哳寂	
tsiauh8	jiauh8		哳嚼
tsih	jih		折接摺漬癤	
tsih8	jih8		舌折	
tsik	jiek		嘖墌幘摭銍稷膣質踖踧磧積膱燭簀
tsik8	jiek8		柞疾寂嫉賊蒺藉鯽籍鰂鱡	
tsim	jim		鱵
tsim2	jim2		抌枕栠嬸	
tsim3	jim3		枕浸寖	
tsim5	jim5		涔尋覃撏燖蟳
tsin	jin		臻
tsin2	jin2		黰
tsin3	jin3		振晉症証進搢賑震縉證
tsin5	jin5		秦尋澠螓繩	
tsin7	jin7		尽真盡儘濜燼藎贐
tsing	jing		摐禎箏箐精蒸蜻增徵憎撞衝諍踪橧
tsing2	jing2		井妌阱指掌煄腫種整踵
tsing3	jing3		正政症眾幀証種諍薦證	
tsing5	jing5		成松前歬從情晴曾氰暒榕層嶒甑懲	
tsing7	jing7		贈蹭
tsinn	jinn		爭毡掙揁晶棦湔搢踭摏精氈鬊攕櫼	
tsinn2	jinn2		井尐少戔呰茈啙紫駬鴿邇	
tsinn3	jinn3		炙爭搢煎僣箭糋諍	
tsinn5	jinn5		前揁晴諓錢檐簷	
tsinn7	jinn7		舐靜嚌
tsio	jior		招昭椒蕉
tsio2	jior2		少走
tsio3	jior3		焟照醮
tsio7	jior7		噍
tsioh	jiorh		炙斫借畟砳斮焟跖墌績襀蹠	
tsioh8	jiorh8		石就
tsiok	jiook		瘃禚踧燭爵臅繳蠋蹴嚼躅屬爝鐲皭
tsiong	jiong		憃樁樟漿璋螽螿蟑鍾蹖蹤鐘
tsiong2	jiong2		仉尰掌腫種槳獎蔣踵
tsiong3	jiong3		中偅將眾嶂幛種障瘴瞕縱醬	
tsiong5	jiong5		从爿從
tsiong7	jiong7		匠狀從
tsionn	jioonn		章漳獐樟漿螿鱆
tsionn2	jioonn2		掌槳獎蔣
tsionn3	jioonn3		障醬
tsionn5	jioonn5		裳螿
tsionn7	jioonn7		上養癢
tsip	jip		咠唼執接緝縶蟄蹴	
tsip8	jip8		咠寂集輯籍
tsit	jit		銍瘠質積織職鯽櫍隲鶺鑕
tsit8	jit8		一疾這植殖嫉禃蜀蒺
tsiu	jiu		蝤賙盩鵃譸
tsiu2	jiu2		守帚酒箒
tsiu3	jiu3		呪咒祝蛀詋詶僽噣
tsiu5	jiu5		揪蝤
tsiu7	jiu7		就僦鷲
tsiuh	jiuh		啁寂喌
tsiuh8	jiuh8		浞啁啾
tsiunn	jiunn		章漳獐樟漿蟑
tsiunn2	jiunn2		掌槳漿獎蔣
tsiunn3	jiunn3		障醬
tsiunn5	jiunn5		裳
tsiunn7	jiunn7		上養癢
tsng	tzng		庄妝莊粧裝賍塼磚贓	
tsng2	tzng2		拃指
tsng3	tzng3		自從葬銌躦鑽
tsng5	tzng5		全從旋嘗	
tsng7	tzng7		全但吮狀從旋漩噀藏饌臟	
tso	tzor		嘈慒遭噪糟蹧
tso2	tzor2		屮左早佐皁皂笊蚤棗澡繰藻
tso3	tzor3		佐作灶奏座做皺竈
tso5	tzor5		皁皂曹矬嘈慒漕槽瘥艚螬鹺	
tso7	tzor7		住坐皁皂昨座做造嘈漕	
tsoh	tzorh		作
tsoh8	tzorh8		昨射踖擲
tsok	tzook		作笮
tsok8	tzook8		怍昨柞胙族酢嗾嘖醋濁擢濯鏃鷟	
tsom	tzoom		箴簪
tsom2	tzoom2		怎
tsom3	tzoom3		僭譖
tsong	tzong		稯綜臧賘樁艐踪騌縱蹖蹤鬃騣鬷鯼
tsong2	tzong2		奘悰傯摠綜蓯總	
tsong3	tzong3		壯倊眾葬粽綜糉鬷髒	
tsong5	tzong5		彸洋崇傱綜藏蹤	
tsong7	tzong7		狀奘祟撞藏臟
tsoo	tzoo		騶
tsoo2	tzoo2		走咀沮阻俎殂祖組詛鉏瞅齟
tsoo3	tzoo3		左咀阼奏胙祚做揍湊皺蔟輳簇驟	
tsoo5	tzoo5		咀齟
tsoo7	tzoo7		助胙祚驟
tsop	tzoop		噆
tsop8	tzoop8		噆
tsu	tzu		猪痘粢菑菹蛛誅貲資雎緇銖齊諸豬
tsu2	tzu2		翥褚麈齟
tsu3	tzu3		澍駐積骴鑄
tsu5	tzu5		鶿蠩
tsu7	tzu7		字肉自住柱冣牸埾眥眦袓漬聚駐	
tsua	tzua		抓撮遭撾髽
tsua2	tzua2		帋姐紙
tsua3	tzua3		漈
tsua5	tzua5		淘蛇誰
tsua7	tzua7		帀行迣逝詛畷誓踐遭
tsuah	tzuah		泏諸	
tsuah8	tzuah8		差斜齟蠽	
tsuai	tzuai		
tsuai7	tzuai7		跩檌	
tsuainn7	tzuainn7		
tsuan	tzuan		耑專塼蓴磚顓鐫鱄鑴鑽	
tsuan2	tzuan2		剪翦篹賺轉纂囀爨
tsuan3	tzuan3		篡攢攥鑽
tsuan5	tzuan5		全佺泉牷荃儹攢	
tsuan7	tzuan7		栓僎撰轉譔鏇饌
tsuang	tzuang		裝
tsuang3	tzuang3		壯
tsuann	tzuann		煎
tsuann2	tzuann2		怎笊琖盞
tsuann3	tzuann3		炸煎諍讚饡
tsuann5	tzuann5		泉涎殘
tsuann7	tzuann7		賤濺
tsuat	tzuat		拙泏茁剟梲畷窡撮輟繓
tsuat8	tzuat8		絕	
tsue	tzue		劑
tsue2	tzue2		最
tsue3	tzue3		怎做晬最畷綴嘬蕝蕞餟贅
tsue5	tzue5		朘脧摧漼齊璀蕤
tsue7	tzue7		多罪辠睡際儕繓穧	
tsueh	tzueh		拭節癤
tsueh8	tzueh8		啐絕截	
tsuh	tzuh		沮泏注茁剚捽滋漬	
tsuh8	tzuh8		突
tsui	tzui		隹珠追堆椎脽萑催觜榛槯錐鎚騅鵻	
tsui2	tzui2		水沝捶最嘴	
tsui3	tzui3		最醉噿檇
tsui5	tzui5		摧劑	
tsui7	tzui7		崒悴脺萃瘁罪誰膵蕞顇
tsuinn	tzuinn		磚	
tsuinn2	tzuinn2		怎指
tsuinn3	tzuinn3		鑽
tsuinn5	tzuinn5		全
tsuinn7	tzuinn7		旋
tsun	tzun		屯肫窀惇尊噂墫澊諄樽遵罇蹲鐏鱒	
tsun2	tzun2		准隼準噂撙鱒	
tsun3	tzun3		餕戰濬駿鐫顫
tsun5	tzun5		存前拵唇脣船逡稕僎蟬	
tsun7	tzun7		拵挋洊捘陣旋銌鏇鱒	
tsut	tzut		卒茁倅窋啐悴捽淬猝雋誶	
tsut8	tzut8		朮卒沭秫崒捽椊誶黢	
tu	du		姝邾株堆推猪蛛誅跦嘟豬櫫	
tu2	du2		抵拄柢柱堵詆貯跓適
tu3	du3		亍住拄注柱著滯駐
tu5	du5		苧除鉏裯廚鋤篨儲櫥躇躕
tu7	du7		筋著詆嘟漬箸櫡
tua	dua		拖
tua2	dua2		何	
tua3	dua3		住帶逗滯遰蹛
tua5	dua5		拖沱淘
tua7	dua7		大舵馱導
tuah	duah		掇
tuah8	duah8		奪
tuan	duan		耑偳專端	
tuan2	duan2		垛短斷
tuan3	duan3		斷
tuan5	duan5		團慱摶	
tuan7	duan7		段傳椴篆緞鍛斷籪
tuann	duann		蛋單端癉簞
tuann2	duann2		叕
tuann3	duann3		旦妲
tuann5	duann5		團彈壇檀
tuann7	duann7		段惰彈憚撣誕	
tuat	duat		叕剟啜惙掇涰敪逫綴裰輟醊錣餟	
tuat8	duat8		奪
tue2	due2		底貯	
tue3	due3		帶從逫逮對綴隶
tue5	due5		兌隤蹄頹題魋穨
tue7	due7		地兌苧第遞
tueh8	dueh8		迭窄
tuh	duh		厾咄拄盹啄捽椊椓篤
tuh8	duh8		咄突訥揬摘擇築	
tui	dui		追堆敦
tui2	dui2		
tui3	dui3		隊碓對憝
tui5	dui5		捶椎搥	
tui7	dui7		兌倕隊膇墜墮墯憝縋錞隧懟譈	
tuinn2	duinn2		返斷轉
tuinn3	duinn3		頓燙	
tuinn5	duinn5		段填斷
tuinn7	duinn7		斷	
tun	dun		輴礅蹲鶉鐓
tun2	dun2		囤盹盾楯腯礅躉	
tun3	dun3		吨扽杶腯頓噸	
tun5	dun5		屯囤芚唇脣豘豚鈍飩漘魨臀
tun7	dun7		屯忳沌炖泵鈍飩腯遁遯燉	
tut	dut		咄柮腯飿	
tut8	dut8		凸朮咄突秫揬湥腯	
u	u		痀眗訏淤菸嗚瘀摴窩樗踞
u2	u2		与予宇羽雨禹喣寓傴楀鄔與噢癒齬
u3	u3		塢搵煦瘀嫗熓燠
u5	u5		揄渝畬隃榆逾與餘輿歟藇旟譽鱮
u7	u7		有芋雩預與澦禦豫蕷譽
ua	ua		呱哇娃挖洼洿窊喎媧椏蛙漥潌窪蝸
ua2	ua2		瓦倚掗搲
ua3	ua3		化瓦按發溛	
ua5	ua5		何
ua7	ua7		瓦何画若畫話
uah	uah		頞
uah8	uah8		活
uai	uai		歪冤喎竵	
uai2	uai2		歪踒	
uai3	uai3		
uai7	uai7		孬畫
uainn	uainn		歪閂冤挨椏轟彎灣
uainn2	uainn2		踒踠	
uainn7	uainn7		孬椏
uainnh	uainnh		輵	
uainnh8	uainnh8		轟	
uak	uak		
uak8	uak8		
uan	uan		宛冤剜眢菀蜿豌鴛鵷彎灣
uan2	uan2		琬皖腕菀碗綰遠豌澣
uan3	uan3		宛怨苑
uan5	uan5		萑園圓楥楦猿獂頑圜篔轅還彎灣
uan7	uan7		玩宦爰浣院媛援瑗遠緩
uang	uang		嚾
uann	uann		安垵鞍頞
uann2	uann2		埦腕碗
uann3	uann3		垵晏案
uann5	uann5		呱鼾	
uann7	uann7		旱換
uat	uat		曰穵軋挖捾嗢斡噦	
uat8	uat8		曰戉悅越粵鉞說閱樾
ue	ue		碨錒鍋鍡鑽
ue2	ue2		挖唩捰喂搲矮毆踒踠
ue3	ue3		挩掗劌噦濊薈薉穢翽饖
ue5	ue5		禾回為唯鞋
ue7	ue7		外画能畫會話劃衛繪讆躗	
ueh	ueh		穵挖掗喂
ueh8	ueh8		戹唷狹窄腋隘劃	
uh	uh		噎	
uh8	uh8		
ui	ui		衣委威揻逶痿葳窩磑踒醫
ui2	ui2		蒍禕緯諉趡鮪薳蘤韙韡
ui3	ui3		位畏尉喂飫對慰蔚餵
ui5	ui5		褘遺濰闈
ui7	ui7		位為胃渭猬畫彙磑蝟衛諉謂魏繪
uih	uih		穵挖
uih8	uih8		劃
uinn	uinn		掩	
uinn2	uinn2		抁阮	
uinn3	uinn3		向
uinn5	uinn5		黃
uinn7	uinn7		暈
un	un		恩殷塭溫氳熅瘟縕蝹轀馧鰮	
un2	un2		允尹吮狁苑蚓晚溳隕殞賱檃隱穩癮	
un3	un3		塭慍搵溫熅縕醞韞蘊
un5	un5		澐緩輪鋆縜
un7	un7		因惲鄆暈運熅緷隱韵韻
ut	ut		
ut8	ut8		聿嗢燏遹鷸	
